mean,variance,skewness,kurtosis,psd,HHT_Component_1,frequency
425.9063608944117,4637.904895540771,-0.009723839503570105,-0.8266062409669632,6410.837739065976,0.003949706924423981,0
551.6597942521628,2304.352609167376,-0.4518094534308383,-0.0032698029190330047,3887.9769739310454,0.0021504629063573977,0
635.5787991522566,2900.1973149065448,0.9705880074287044,0.9217834641560807,2905.458353029476,0.0006410039189849134,0
552.3351490236594,22790.48604072484,0.37730648414717904,-1.2234003951548718,16129.607092011913,0.0010054276445358883,0
501.1697172733177,3458.24723246359,-0.9366773297472485,0.13657883601849719,2900.989625895524,0.0019209289147140247,0
574.0130499240577,10902.32691364507,-0.30452272149076415,-0.9930116057297811,26121.421159390782,0.002481154194417442,0
511.1160035642554,17186.01370993279,0.1989584111404109,-1.5348934367364397,21346.13258196078,0.00150226383495862,0
303.8829343764844,3279.3060723874396,-0.038448314924717696,-0.9389659048642813,7017.202050947151,0.0008119975738598356,0
360.1601633338852,3180.9619088507234,-0.45537730500327783,-0.5300663408418118,9438.10823868296,0.0007261773981302363,0
420.5650525507924,3982.7658732683517,0.07104693670044021,-1.0032990235464323,9604.390864667852,0.0015118728060778902,0
453.2348540597271,4574.9443407599665,0.3220069456767573,-0.5254510967509076,12861.692721113901,0.0025484340118608786,0
305.7518265091289,10323.928962344928,0.09413991459000633,-0.24255314751884605,20248.478143475688,0.0013980262185344342,0
473.39330742531905,16179.310945328787,0.18846712266384172,-1.4482957877733964,40221.65455018081,0.001071336545921467,0
515.0224220982916,13328.069938782737,0.760919641376818,-0.7913345625169463,18821.207096780454,0.0021297935543170407,0
387.31273841406085,9766.640228303384,0.8392368954397402,0.9055779488028848,3973.9939718850683,0.0028532986089388505,0
356.18126534809153,6383.498300103426,0.4891763068351448,-0.9964219744837548,8164.457185861772,0.0038387237559092987,0
440.7297949542092,3072.989590520252,-0.5395002534834308,-0.22026949324401057,2957.781302672642,0.003209851688483639,0
479.5248147197688,3507.74142511208,0.4325189280744974,-0.7762707881218942,3454.8262978491307,0.001599528004100933,0
424.91626663449864,1665.8171478038814,-0.14955796108566727,-0.825023203490332,3516.8366667496803,0.001985055351884852,0
441.60370572158126,4949.93198902627,-0.19701680602639943,-0.9349635237727587,13172.712653246064,0.0025674284412204075,0
396.02469647132534,5932.639174688595,0.3554495860209305,-1.1401772096679577,8458.528596129168,0.003374513107175016,0
404.6000512534199,1698.345472597711,0.8212064270928182,0.4784634343938259,2323.5763958677076,0.0028832353236028477,0
626.4774669415576,14678.490459195535,-0.8612314864957131,-0.7668277293781869,14933.780649055901,0.001441306053639062,0
513.9361954025052,5174.187910022137,-0.1396543303494316,-0.9814209114547636,8140.143736251392,0.0012800984330536293,0
351.0130964932135,6349.3015014327,0.5386183617061526,-0.38913444445729306,9568.25507352071,0.00221388025542324,0
484.7729405624863,7394.4998666811225,0.1732040024399074,-1.1234882151468644,5778.614391384547,0.00403769105964443,0
210.8197166709859,6652.871723325222,-0.544808207812684,-0.7156148595130443,18306.955216053877,0.004177116593535534,0
437.7838640652682,3087.462362234776,-0.9977150153355703,0.6859471123853438,2101.47601792918,0.0018920096872551018,0
575.6931666788432,7580.325969105911,0.3723800146083411,-0.39917069936794514,2368.4126505419117,0.0034616305634039106,0
773.5572619852733,7464.293122541694,-1.1196474817751232,0.4433535063778513,4056.4222215632385,0.004084073315996603,0
517.730208802381,9665.251693467966,-0.1875013526735233,-0.6087047714201037,25504.36467897962,0.005260396196970871,0
274.52549926181655,17470.524753715716,0.9994160939305768,0.38722809129926317,5142.593964652234,0.00528983305048195,0
442.31808258658987,445.32473872026094,0.24633591351538198,-0.3584360848654402,423.9178739535114,0.004187082563391533,0
459.6558182201585,2826.2646809594885,-0.23052627258390992,0.07972381999014155,8227.007954821456,0.004776387008382511,0
476.84281809987965,408.9052970634398,-0.0648310774560829,-0.31023990782431543,713.5504621741154,0.005344119944141906,0
399.09840865469994,1270.8574388368809,0.27821931807722067,-0.7436406141112677,2605.364281712991,0.006101029307703276,0
452.4802998192922,550.8614909839451,0.14550309404036268,-0.5158664394946793,1164.6405453816494,0.007129898377725386,0
442.9967694897198,8701.144894392502,-1.5884650175408954,1.3146025427921142,9639.8972552631,0.005209032972161783,0
402.5469208576262,3759.756261714831,-0.8301739044199608,0.33984113161629015,5179.444470660023,0.004744823361884211,0
467.26252103668844,1193.0152699782836,-0.6558179542093557,-0.42127071006727856,1374.8638092294855,0.005186963761867967,0
408.6069950768759,2678.935187626481,-1.328570896715097,1.047349669984035,3803.0880162328317,0.0052157573237085674,0
480.06429989424146,354.14844009248145,-0.3004794923461184,-0.23427882778138276,447.5524327794365,0.006463267298800023,0
461.208266052195,852.1633632945295,0.07058200425824324,-0.8468596028535695,968.2605455545586,0.005556670439544271,0
487.5235802016971,893.75085407659,-0.3242018799230414,-0.16673278902423583,1941.2106399050995,0.004804730362974925,0
438.9592640952066,1536.1520465292208,0.06652897226137817,-1.4055103865731384,2545.4792808590887,0.004755998936603384,0
398.46014452338596,847.6431551932444,-1.111958250734168,2.4288334391211333,546.9296385509523,0.0044754214480736895,0
429.02089230310173,4687.137113621884,-1.6384437029837022,1.7871969257260352,4412.31330698081,0.004907745719571819,0
429.19830048588324,403.23034239870316,0.20260527320637917,0.18431771757505677,780.3543475711972,0.004893308721651333,0
352.34229293934357,1622.9230988825225,0.028688232333291937,-0.6101415159619314,3083.6630385247945,0.004082591491428043,0
401.3536497487201,5522.95286303314,-0.5016103235675455,-0.8428397208037057,8154.153078411854,0.004379997555095519,0
452.1727314217392,2526.2587815031,-0.3022414502136499,-0.6489468377385657,4738.717531727807,0.005661785627142563,0
432.7628452482895,2373.8812151216025,-0.24949356182409307,-0.6518149217302049,3747.3734401404117,0.007247902674564919,0
413.3195800129604,873.076740246155,0.1756695593622412,-0.41031217776684104,1623.1707899323656,0.007318379713445935,0
413.8771348902529,4017.1243381120667,-0.2328219142177112,-0.9877491847332598,6153.077930025322,0.0054560541856474255,0
466.74096960085365,5114.989733340215,-0.15370849357957733,-1.082031754526676,6152.580344984964,0.005513855038150214,0
460.2121319196546,2177.167113716214,-0.2803157004661056,-0.45319812865398745,3317.0578469134425,0.00640265073264144,0
427.27670699481905,1910.7016467034696,-0.16705899061310436,-0.6008295690102359,4337.993200392384,0.007547638751284247,0
464.76606287306936,2031.2589479221597,0.35558060452287277,-0.4298745374195039,3668.9469426456835,0.00839696174671913,0
544.8278248836854,2819.495465571828,-0.13525926821310852,-0.7001933097216404,4900.2503770368185,0.006715715514181578,0
481.40968627668826,3158.712421983253,0.49212906662790284,-0.6054422309450045,5252.294267269364,0.0062701409748137675,0
349.45499313814315,4633.1127426174235,0.1169109073173037,-0.9812522074109791,8735.827454063194,0.006666335850543198,0
425.8400276728065,1671.569300330017,0.6650955036687408,0.15643043972068105,2258.8411264155948,0.007188724638968881,0
449.02609213589915,3450.997834863984,-0.15896933004943334,-0.7312183857167089,6675.546093265245,0.00792175106766997,0
445.9523866079945,5737.057763995686,-0.03824987866078651,-1.2194355808930266,6909.058918881335,0.005784948968103648,0
477.79649619087894,2138.309801015991,-1.6167623989349231,5.468663559035214,1285.608572436552,0.005587031801234006,0
472.86207990979176,6908.290524250405,-1.5638693403095023,2.1861313234658493,8020.5180955146225,0.006447871913117953,0
451.7994508938521,3674.840517488088,-1.6474440358362317,2.4810916236658604,8927.077742600179,0.006916401794283886,0
439.5688768997335,4445.112646640148,-0.8074720478551517,0.3796245269841525,2568.439298498208,0.008154944409428091,0
418.1169262520336,4793.674428994714,-2.1381239407178336,4.14705293174399,11613.806956173896,0.00738105340462514,0
422.09122435443317,4481.2821671074225,-1.9829499249343119,3.7749463675989805,18673.99692959972,0.005953715284063676,0
405.0358186634721,4702.676684778232,-1.2195112826949017,1.7695848474757847,13504.435164360224,0.006144946706833634,0
413.4643398364363,3607.309289452298,-1.6199829869978177,2.80239649875322,3407.7832692161846,0.006838043396410789,0
468.9153950143197,3258.5509571678963,-0.39276209227665493,-1.0371221220768656,4768.54052111209,0.008442603376507358,0
412.3999502215964,7060.346244386198,-1.3968742115337107,2.087502475535091,9930.371523396916,0.00761494313091541,0
425.40558148565094,8560.171968118495,-1.77839035012502,2.2432733093062103,34307.173893080304,0.0063008792408122075,0
426.48397408588636,8881.997846469232,-1.5567919562754626,2.1396981514956055,18603.8738942788,0.006785051166489999,0
430.2929758153016,2959.958150453053,-1.4478742406792824,2.321504287828329,5321.431045950925,0.006228551814231972,0
409.7813408593206,6555.301045345402,-1.7194898089386943,2.4806718514991664,7387.983432858955,0.007978118540149032,0
411.25400416874936,10155.428828710466,-0.7638681758727082,0.20135185580019055,5721.195859562578,0.007559269684739279,0
380.54664491047686,2892.666783051771,0.6412930768204508,-0.6022469807333453,4109.790010462768,0.007395732597816669,0
543.6427673329092,35912.22838558998,-0.5264952580813456,0.013648373362975974,7270.4444736331825,0.006940660481976313,0
309.4538452247315,4936.1387958018695,-0.7435620922267506,0.559994053478436,6433.064443498605,0.007077375417571811,0
336.9624903483726,5807.521484482051,-0.9481762492471055,0.8426362952968605,3682.6763048442194,0.00846194246747508,0
322.04785638783636,5292.947380190064,-0.7768738919303546,-0.23668257703793882,7583.524593167705,0.008903697384968644,0
357.4332586486053,28573.73693627503,-0.701847972779236,-1.059656780307485,44930.44318277801,0.007697831656261409,0
135.140506213006,33653.33736738249,1.031520641502516,-0.46496969541000244,36077.56344489711,0.007341175058556306,0
552.6664854433036,21363.951016451025,0.07759960418766794,-1.3933593607197292,19932.356954304116,0.0070572850955498145,0
545.2361011293794,4425.405558551191,0.5878215758275986,-0.2253961923293475,3543.2121672535227,0.007318278006242724,0
437.8620560809667,5615.603986918265,0.28377210017888976,-0.485815057592375,10411.688893185583,0.007744247168163769,0
633.2739795484082,15961.142043224498,0.19643420143209808,-1.1354413916315438,27171.348506888928,0.0068363071979906515,0
448.15440255422527,2046.8257179033833,-0.08875588013406795,-0.431739713112838,4468.036831215914,0.006624293774934342,0
516.3057112866342,3104.910635375521,-0.3748425906774002,0.007992702723179423,5524.0317792939,0.006396483564463926,0
520.9014757633956,6580.803444837078,0.26384530943663603,-0.6719048173001427,13606.699955256006,0.00695534287165162,0
577.9695454032162,3996.3193922460123,-0.2900024577479305,0.24106914653816558,3969.7616907018046,0.008342361103139753,0
439.90000010198116,14795.088523905311,0.8016597442435797,-0.04217325015623974,32356.644450058524,0.007232486719554887,0
439.06232730937404,28428.065296776153,-0.06954970794818074,-1.2875248209141874,50823.89330115127,0.00639891672316578,0
427.2846825538347,715.2360070125908,-0.18550259587020784,-0.28969489336496856,1421.787518928226,0.005742697467346539,0
372.00406312091616,10937.043735829802,-1.020678997520579,0.7136886063272256,35210.69950581617,0.005779170701145926,0
488.1883162600456,472.32526102827387,0.03759015063054649,-0.10242586647119456,950.4498963475263,0.007219837674982303,0
480.32538526378426,520.1882828204499,0.15697791959189342,-0.3911843123966219,1110.6596553378972,0.006703016470983539,0
423.11043072073596,556.8428226738365,0.25966788826008635,0.3741264679970966,1071.6472127208579,0.00492688932888551,0
415.18073896964347,353.0885077400989,-0.1516555088900202,-0.5158295269721096,695.8861323416957,0.004934794438486922,0
441.09055329105036,527.5993503218359,0.21504817292204717,-0.2017653851535317,799.907805515114,0.005656394442358677,0
444.0036948141559,570.3869814525418,0.1116141129256831,-0.6109453424296922,978.1324767999005,0.007198062334263288,0
424.80939016973144,10238.825287506292,-2.3475028790976884,5.011982043041627,4266.78805470516,0.00692130124407158,0
463.74770446938277,926.2854433419722,0.027412474215435332,-0.9416935424352153,1116.4246678750812,0.005169384021444553,0
439.1583958984855,779.8810748946868,-0.2557184864534711,-0.266190643993514,1422.7148042406088,0.006076704267983795,0
389.2382523300505,18642.576783031378,-1.9651573868371528,2.7299780999848524,80397.85788868996,0.006182683974461579,0
443.98463694177764,897.0016400543855,0.1072550316201141,-0.8439861559293846,1407.8087598473223,0.0072226342480139075,0
409.33044623778164,404.172467255064,-0.17766104605359298,-0.4044968959764166,645.8209364693427,0.007470569091142634,0
419.05270704182584,1216.7145917557016,0.005125135830189823,-0.6945376580263689,1827.4523243289989,0.0059423675453152275,0
421.3829355889407,435.7864756369627,-0.035679393013946896,-0.276564781676774,801.0234493452458,0.0065728746523035335,0
688.0893426333175,18341.0816594692,-0.2545109201256744,-1.1815655203013762,30026.87466198195,0.005910787909101805,0
315.02825126875825,16018.173644027209,0.22360682270274196,-0.33561918529439394,34209.9929942382,0.007024819274742937,0
193.2768674341196,26166.73423187109,0.1512695989077353,-1.2703786438040987,52742.361356620524,0.0075010232386681554,0
420.87211915211503,11310.271692265565,-0.1696368672350542,-0.8580616475321965,14344.984292057534,0.006537487951771204,0
447.77833932550755,12660.052293361094,0.0332846913252184,-0.8076479460085606,30123.693769724316,0.006080128024417264,0
261.57087119055916,27342.519313399596,-0.1653439370840671,-1.0494736458759844,78302.1983587542,0.00528288039546553,0
379.70212053430697,10124.320440545956,-0.2872715482389991,-0.3851571805406957,20023.894477843565,0.006463031886198294,0
511.270424404707,12916.125966865027,-0.3351100902982173,-0.12226723252888805,17018.096845428132,0.0068792008955215755,0
537.8106069230817,8249.062021584958,-0.08103803485154341,-0.27954765175207363,14873.52446687295,0.006134240560321278,0
436.0789864218269,33586.14128060412,0.6473823114107529,-0.7803026585494415,41169.887706233654,0.006033841879725377,0
540.9060947209434,15081.77356773261,-0.31948451904986386,-0.6289049381729046,28862.815764422237,0.00622101485564074,0
506.79483033727445,7114.420902410036,-0.07014723417569267,-0.26276573123573677,12304.036471778818,0.007378734987602314,0
322.55413675462535,10433.726783822152,0.38732875544528694,-0.02821667553875784,13480.924879769045,0.008648028613156564,0
558.7114740275979,45206.55857617008,-0.26782061929520223,-1.368999082248815,87384.12103355872,0.007610073217091778,0
540.3411736516325,10861.055017311412,0.15310513213265717,0.3850242312595893,7862.06578037947,0.006667331773140345,0
418.72486151463903,8153.859636926831,0.32791290078423957,-0.1581138637915811,20819.338530788602,0.0065657094974710915,0
485.456852747845,474.36130283660924,-0.04339524704083366,-0.26345111037740043,1101.8918697112274,0.006228792295230267,0
465.4253414514742,582.314729912616,0.019584907366752103,-0.31537670482488167,948.7913630529611,0.007546690660083943,0
440.443078694806,737.459057331672,-0.4971186635665611,0.9514766931715704,1068.7302286143267,0.007323093931677401,0
403.9729241770887,1128.2716756577029,-0.10089639572953334,-0.20509786979905886,1771.4067277211452,0.006717304912887508,0
436.84057559558033,1068.482202262629,0.24014191187182443,-0.2662139970970743,2010.9988828105759,0.006319542526001304,0
449.79854884921957,1616.327667344037,-1.1233770102600509,1.3574259059133764,1993.2518594955463,0.0058016293873563215,0
435.35013737552265,1135.6792530540129,0.040711264529876404,-0.4285523187298752,1459.7304924941575,0.007567790234960448,0
429.7163500569642,427.98895800458456,0.02315360148795766,0.14032819734583102,782.1127450391327,0.007861431171112897,0
455.0018995207229,822.3282625357891,-0.2570751628809541,-0.050053611080619564,1375.0028721393487,0.00729216084334661,0
398.78685045119016,575.8701831345752,-0.028710691991608354,-0.46174625649330503,1305.2319208303888,0.007433360766222298,0
414.50664528554745,838.7531375648077,0.4140874737056684,0.06681750966835098,1410.2167405844204,0.006960914030647721,0
472.173703338204,479.8811225039612,0.023004351604568044,-0.3408521194386944,960.0144426593946,0.008624923021609098,0
438.27849472894457,366.1215484043962,-0.06422683686438221,-0.5620721352512277,719.7699325473571,0.008629613449961994,0
430.9147500213286,1900.4137271400357,-0.609666290868591,0.206246033962441,4423.129372308904,0.00699474257989869,0
416.02669808850777,2915.0055085185622,-1.690408052348314,2.4777598742913822,1727.126862970995,0.006821655754267907,0
434.7805671990849,911.8628832531169,-0.6613677788694281,0.5133638216824226,1010.2379282146333,0.006602560222840403,0
397.0381788546599,8739.621336049959,0.9691427204598486,-0.5978393050252349,9805.039542723816,0.007569330669593028,0
406.9929157579013,16397.364877394008,-0.1880626444605369,-1.399047181688145,40246.309798783506,0.007982295138246715,0
478.35608314682474,8194.915676873294,0.2533350766429222,-0.9095916829669415,26835.366947182254,0.0070530234043607795,0
521.6304221346571,8170.672023037999,-0.41046339745387417,-1.2688375829563092,11845.241337382913,0.00655532534990945,0
576.4388296842792,4776.817858426339,-1.2527189273465824,0.6530929467473188,5394.821315634429,0.005863020492791805,0
503.6233469529336,11083.032502183298,0.43926613178527124,-0.7017376939941529,9930.02247556106,0.0073217437273727735,0
407.312331504162,6125.92970438718,0.20716005685139852,-1.2916310863582823,10620.847295104044,0.00821848566407038,0
305.92300112835903,16044.962237700598,-0.7701125791612778,-0.5391523349592005,37218.0989319952,0.007498895967428425,0
437.95632069972953,26346.279615098872,0.2158015405360207,-1.395838832774818,21361.9541914288,0.0074671998262958615,0
394.29113354970195,8992.155991372038,0.4706703619540971,0.6368941507603432,19884.138752933453,0.0070326111341935576,0
374.76454421160196,9502.055595826354,-0.4927356530757765,-0.8841464821503608,23542.562877074346,0.007912339115341824,0
439.4300997985249,13673.786596371643,-0.6964460551143761,-0.6200840969492205,24556.00855531992,0.009211318141251593,0
511.27580327335363,12298.208941043073,-0.8651153681083872,-0.25080902749087786,18276.19794500694,0.008312993205912491,0
457.6473570948402,2484.483217758427,-0.3629355013572146,-0.1390278357761523,1707.4565351431554,0.007103697735162367,0
346.0177526844025,5232.861978448806,-0.4455950789651806,-1.2760779980599337,7458.523852039859,0.007615527553882,0
378.66407711834887,7376.526494051562,-0.21498112439648762,-1.0322828820665781,14017.67782707152,0.0072137150352003035,0
433.38040101541026,526.1788655332813,0.1076849521598309,-0.7463531836214972,1004.2544021896091,0.00868573576919992,0
389.53701605944525,539.293687234221,0.39770073678383533,-0.3132196610550979,602.3871106782428,0.008266139410410184,0
397.85974254206155,682.9423834040796,-0.09139573420791508,-0.9370773047593297,1488.827959195996,0.006896631580242578,0
419.8474540003874,401.6131391047491,-0.00830345973212469,-0.5227355363548818,627.0418925324475,0.00672974221260473,0
417.59498327505264,350.3069424028513,-0.3207805075740548,-0.2131891622890314,673.7945947915642,0.006165985269784392,0
448.8311141690201,391.8368186699672,0.1246680859067191,-0.49787962810966624,733.5281279921304,0.008072996345363384,0
424.48690664492256,336.0485057079027,-0.1154044258925448,-0.5345766888478756,709.1412226093307,0.008303493145810097,0
439.27127608894193,396.6718475852988,-0.18067825783729496,-0.2875653729070713,643.0901199039729,0.00694920290185953,0
482.39868626563305,777.4454464855611,-0.43410570477453597,-0.49901651879171416,1285.0324732007618,0.007368756383940652,0
456.3739281958777,491.49999594856286,0.22768252863736005,-0.5526233909112723,840.6763099936453,0.007913649203062086,0
460.01806626554446,677.799660733683,0.11976324760389309,-0.7329859751287455,1154.5572833459635,0.009355381307096499,0
430.44714908592573,573.7716125987065,-0.2682450131235051,-0.6570158394658479,961.1318803548527,0.00901138056791994,0
388.6453757597144,293.40336196381764,0.04865448943660905,-0.3936606763146484,548.4929619346374,0.00832354629792429,0
408.54053654842926,320.9553895335942,0.09104036805578862,-0.2525000780606712,638.1750034753295,0.007703429162013729,0
487.06131396476246,592.1699116184527,-0.6206550014985259,0.7497410752198674,574.0546028211556,0.006800406061730922,0
466.0576460712831,951.6940697004039,0.11303820902968117,-1.1094067864274009,1266.1283966932606,0.008139200093849885,0
371.1646181937176,3345.082477904372,-0.015767584520348116,-0.8159206819163707,4649.264771069189,0.008611272239262276,1
478.5049136430022,1696.7483621692966,-0.45268206045761916,-0.008299332996859476,2871.004900570054,0.007328794169565158,1
551.3429364037785,2117.5270748407092,0.971215692987037,0.9282566545206126,2117.0113745148374,0.006679139220265924,1
479.2295283170332,16834.16565247573,0.3773118218330791,-1.2225552478592878,11913.939237228089,0.0058220406756515205,1
435.64016501302586,2592.520084128751,-0.9462381588993146,0.14788328213144064,2142.512639525947,0.006072993380302365,1
498.97302748358624,8034.355641245496,-0.3005594900270447,-1.002194095662075,19195.292018483593,0.006707686756514124,1
445.1263058305451,12712.78848352409,0.20043119992968592,-1.5352906214204483,15798.67297980211,0.006058302427645645,1
266.9617393412117,2420.1204914351106,-0.042817769497201355,-0.9252888578116876,5168.671962377987,0.005234179823611082,1
314.25332833800906,2345.2860884797606,-0.4528275113858234,-0.5237506240048648,6963.272266295446,0.00485257881236306,1
366.98780641519613,2961.101022134651,0.06671153786103617,-1.0045773355092735,7136.715632735485,0.0062839514207519995,1
395.0134477156719,3364.5858544443577,0.32783704283849197,-0.523574727077424,9495.894093325142,0.0065944593432317,1
266.7938607008831,7654.04142192223,0.10019098566251705,-0.23602305007371616,15004.30750334846,0.0063152890139729955,1
411.36527091468474,11879.041487413466,0.18565458426276077,-1.4466298966983073,29514.25836722312,0.005795297545336277,1
447.6792987821548,9725.93461384661,0.7578556006684504,-0.7843982722019383,13834.9740917441,0.005785610483030984,1
337.4730858861385,7197.578965414149,0.8413916394593105,0.9147380417340494,2891.8098942813504,0.004027319908275035,1
311.1200786515907,4729.110893326806,0.48981372181426497,-0.9998698246229312,6026.825015053443,0.006081112956005517,1
383.7603101347471,2263.4678357114867,-0.5564635691692726,-0.2057865096567837,2166.494159967291,0.005323281688660523,1
416.9385150430509,2500.3122053520487,0.440912676616547,-0.7620446026097785,2521.9859087837995,0.004943167821023093,1
369.96315467702715,1191.4519280377797,-0.15104530720715945,-0.8207178697535835,2518.050796125693,0.004570199200316904,1
384.654692435632,3572.3282345164666,-0.20582346448710342,-0.9140526679201098,9534.57961469647,0.004771232160165114,1
345.7935997627997,4268.612328956232,0.35297714562143734,-1.1369794002700764,6141.245963144984,0.006634105848128078,1
353.3343713309743,1274.476444677148,0.8482898924556767,0.5056155272138172,1710.2423798958275,0.006365132541175069,1
544.2453426231532,10925.459924291403,-0.8581724329581242,-0.7731093876785651,11190.03696579994,0.005382146351767339,1
446.21643037790733,3761.2511199248142,-0.13491628095845112,-0.9730510373433119,5870.28038025236,0.005151195051670784,1
306.6366996496041,4728.864956592483,0.5544220169334224,-0.35829731323992764,7101.035301680621,0.004592521284575829,1
422.2088649792406,5527.937060233111,0.1736060099571879,-1.1249084208761142,4287.956927287025,0.005076986830569732,1
186.14602309370747,4894.059048557924,-0.544897894793006,-0.7244480059123504,13467.941117151444,0.006085897599969065,1
380.42507315200766,2250.8669143083275,-0.9951025108308231,0.6821354936958386,1535.8408728131528,0.005106082231811963,1
499.15216611255545,5676.234479152889,0.36995906306605375,-0.40406737351276867,1754.481717935497,0.004124111359743278,1
669.6254468704258,5517.197125721578,-1.117206677326585,0.4345231143600339,2988.8360424887674,0.0031620112146750557,1
449.6845034615737,7238.600020035699,-0.16048429856279717,-0.6026457828693093,18922.16098080134,0.004456725026310111,1
241.78281205915695,12878.365129358928,0.9972683076648448,0.3919840916538635,3759.887085766582,0.005150208633437595,1
385.10781447473164,338.02797223411125,0.2352102215969018,-0.37193070680435714,314.46476457517485,0.004101636858930485,1
400.42314168453584,2074.458169571024,-0.2403050386037364,0.08168791031501543,6023.153044064871,0.003454508795636217,1
415.4658330795611,306.2865260337742,-0.05724285930483071,-0.3230738665695836,540.4881174740906,0.0029306046246203197,1
348.2686984147483,941.1700356014128,0.2822932766276675,-0.7364819354973071,1926.7888951494635,0.004704689189708881,1
393.71637867575294,406.7493018605403,0.15471098122056903,-0.5174646799766944,850.0873322583946,0.00504587295312249,1
385.54457727275064,6414.257467416166,-1.588120911206886,1.314270090181033,7120.903173887413,0.004413123814347772,1
350.7407673516423,2763.2381402290935,-0.8275164614111561,0.33274439831249225,3823.192872908126,0.004195184047284523,1
407.1059033134969,900.401440630183,-0.651788937665625,-0.43132522703619225,1049.6505410005573,0.0038404709529895457,1
355.6821665293254,1960.7538990379685,-1.3335304040073788,1.0659905383841384,2796.948812635805,0.004778174445894386,1
417.73957328850463,260.23216606602625,-0.32260103973434806,-0.20759514563268988,331.9930783214364,0.005763973573091902,1
401.5147152869973,622.1055589568662,0.03388210555407022,-0.820642188620845,686.7814636241021,0.003827035206480887,1
424.38582262738385,662.1591527384426,-0.3399223143101591,-0.17027833893767363,1425.6268517958379,0.0035352976026522473,1
383.08083640956073,1148.5624538453012,0.06013605401096249,-1.4025088546992537,1919.0986606985596,0.0022665768489907455,1
347.7351966444813,631.2050679477612,-1.0549503851221846,2.244222679559625,415.6869197352246,0.002540057836650944,1
374.0453309732582,3435.660892704489,-1.6379718339979672,1.791695843797541,3246.103941962231,0.0030753311451908964,1
373.97671020954886,299.4351818442129,0.19905098668318377,0.15045637522804656,578.2495732133069,0.002726504208954948,1
308.1105739819212,1207.7037154417053,0.030427364117003843,-0.6094608431078199,2296.636858062879,0.002299413125164258,1
349.86792610660626,4082.2712921780767,-0.49819865115809864,-0.8452498299482207,6045.063000528992,0.0020978180935605616,1
393.5367067941437,1870.7629748002316,-0.29881422749389935,-0.6491916807755564,3511.6876303548493,0.0025475729724244675,1
376.8848874830427,1759.4448036917065,-0.24523598393419313,-0.6560127548576449,2780.7871824260556,0.0037564145249759616,1
360.4827166990889,645.3795226324455,0.18213932260963292,-0.4109341672514897,1200.4291899517655,0.0036540486928808903,1
360.77880427583773,2942.26020141239,-0.22924279746856807,-0.9826361694668577,4514.2959541376395,0.0029618251454434944,1
406.14165309005955,3794.7132117437072,-0.151519823856865,-1.0836402150629367,4562.929047049036,0.0024591601490310177,1
400.9443954097475,1620.773931188236,-0.27570153939991576,-0.45927511033047397,2473.197958343003,0.0027521285336192867,1
372.75704826396816,1410.2106769749323,-0.16911487714925189,-0.5966451980101533,3205.361404607014,0.004189058352510188,1
404.51988538050557,1500.5154569885096,0.35558349030624015,-0.4280837918298914,2716.6521076141653,0.0037124949304151267,1
473.3160656110331,2091.1555941323622,-0.130321984722058,-0.7030917810483022,3630.5813924610543,0.0021386470421831238,1
418.49776741138,2329.561861058027,0.4931515421201706,-0.5952767938237309,3886.088080284946,0.0018280451259069415,1
305.28179733117264,3417.3622258848986,0.11570954591304007,-0.9770939094471438,6457.165611209746,0.0027700655888433143,1
370.76788903507537,1237.471278247712,0.6677789825505084,0.15970013206880385,1681.7831047206562,0.004351759536229453,1
390.8946226036428,2557.3643481110307,-0.16045279336405524,-0.7294220084395193,4951.008180322164,0.0030779666538425913,1
387.9868793748092,4226.005798796679,-0.0373748606584109,-1.2148057507324879,5107.348906746313,0.0022641146862934433,1
416.11739455932434,1576.701798465942,-1.581899842130637,5.36856834329034,960.2411020840284,0.003036167550174433,1
411.179612490611,5064.092600706145,-1.5673482682268345,2.1941603025752743,5896.07518654551,0.004002901699522241,1
392.55850886581163,2705.9697620753554,-1.6490640847608704,2.493274896737913,6594.900682688178,0.005873481789810968,1
382.5705329515325,3290.8065958726215,-0.8085451285137116,0.37538917110724856,1906.6196529231138,0.005061497118704525,1
364.66970822254075,3536.409822901957,-2.1355764931964747,4.1416460706422065,8599.874650920507,0.004675672056456386,1
368.11714441518706,3315.1965289645627,-1.9767930915916767,3.761775207766904,13807.898055039903,0.004979839585229166,1
353.2868400924949,3466.234026127621,-1.2261816121783933,1.7771852648236202,9962.014896119117,0.005273601176007508,1
360.8231113614774,2629.8120550440467,-1.624897146148307,2.8183941723305903,2464.654839703747,0.007189465793074763,1
408.0670367056473,2463.245032683194,-0.39872604941404927,-1.0418296209023623,3603.2568907640193,0.006291775038700447,1
358.88194572196073,5193.020714256508,-1.4011889285027121,2.0933341775978622,7267.649145537422,0.005449200090425698,1
370.2261453854374,6282.897174523546,-1.7808479389683913,2.2561298527769242,25189.760115291272,0.0065760456447617075,1
372.08105734284993,6572.756151554949,-1.558357181549599,2.1396330668200916,13778.217239582906,0.006744814823244994,1
374.91384049653897,2189.1179887705766,-1.4494250806409406,2.3211783846448037,3934.882790524886,0.00799595904763493,1
356.98247220963015,4851.724311647343,-1.7141832306361637,2.470652759331471,5496.767836340096,0.008499999108674175,1
358.4841583366002,7459.284268931529,-0.755986488149059,0.20019019247505154,4164.473595627006,0.0067609936961723965,1
332.05191460817,2140.437370437075,0.6504321716872463,-0.5928709025457626,3013.4230531947755,0.007450975829458271,1
471.6438726740389,26338.5246468688,-0.5229481912711259,0.02084263807918596,5268.30790393125,0.007576753999601627,1
271.92069278192605,3670.9828016518,-0.7459365603179057,0.5618312048879641,4760.679938124681,0.009094293805361923,1
296.8868839067613,4337.726613675659,-0.9506378222246243,0.8615031897365539,2689.5322555713647,0.009742348174809248,1
284.05308520874223,3938.2458875448947,-0.769468417414987,-0.25661064614796425,5641.241941702149,0.008106167743134243,1
314.2907425683612,21106.13487735266,-0.70225486340301,-1.0588530886013945,33253.42141551437,0.006550283198822137,1
120.5195363805241,25111.702113837036,1.0394311982097486,-0.4465390821995001,26943.355022573192,0.00702907634586313,1
479.7835140484373,16181.967663769756,0.08306514919464497,-1.3992269382814346,15106.120837782537,0.0072553470622081515,1
475.3823663151138,3160.8014465196215,0.6115390958297059,-0.18813541548812607,2567.3027568955886,0.009099386682197282,1
381.8233540935389,4116.2348890044295,0.26726379570760633,-0.49965580560363154,7676.3092350553525,0.008499642103042186,1
548.6772648158279,11775.143078739437,0.19413356009017116,-1.1358151662691898,20031.009080948657,0.006922537804202268,1
389.24434620990087,1535.0563441276008,-0.11172558106347172,-0.4578019551740078,3275.431644594387,0.0064099097711231776,1
448.593688714338,2223.44955471674,-0.36222552273698755,-0.009406785448538013,3929.804871836226,0.006136233873977949,1
452.1392036590982,4843.340020516858,0.267301517060699,-0.6959953186482717,9930.739868583747,0.006922367873074167,1
499.99862178584726,2960.225683677764,-0.26021224486884803,0.22339545476095068,2945.2837185554977,0.006852255093674078,1
382.9958526520826,11002.713465667975,0.7932342334401686,-0.06496369422479109,24212.48642827649,0.006361707819127936,1
381.46946979263976,21141.221675549823,-0.07155326782103101,-1.2994699936540632,37433.34640826327,0.006469675627403754,1
372.2639789054439,521.3072123552525,-0.16846759882964749,-0.28467616657351247,1041.1876819316499,0.007668712841112715,1
325.5887003329518,8035.101376629544,-1.0271392276851452,0.7286398600201034,25916.45052144375,0.009716623472594183,1
424.3311013019944,347.1136866057639,0.04776328204655699,-0.10550160473287074,699.4520225816566,0.00930556935138338,1
417.81796802215115,387.3453443686906,0.16720113419920596,-0.3931313120685429,829.1943204456276,0.008362730351490944,1
368.88049404798045,410.7187324169355,0.2707047749507349,0.3867207619316422,785.9929849238345,0.008789582719955627,1
361.480160853314,264.4321505986994,-0.12434042206680826,-0.5410444386562943,523.6124057491869,0.00823781653667879,1
384.70820922273487,387.0537014375725,0.2138556923551823,-0.20842559648696923,594.9552353071525,0.010163814573756948,1
386.71856719677675,413.08100522162437,0.13608810713563665,-0.5745320211909708,700.7928782703016,0.010098282432206852,1
370.683774380277,7543.01328287593,-2.349211370011825,5.02094723978194,3161.7945874476013,0.008871108891093953,1
403.33450720815654,704.4785107732315,0.02461772382813735,-0.9519661572693203,840.0912259636914,0.008382933550356768,1
382.8390266740708,586.2942946837644,-0.24827399018179475,-0.27738268562527324,1066.72493748043,0.007675088103966703,1
339.297607427569,13745.472740313731,-1.9630212789068722,2.7231790405943315,59243.59376215458,0.009183951313984466,1
386.7173009737446,663.3494757401736,0.10740335045264589,-0.838830442683907,1045.1391528911895,0.009566639057955765,1
356.97370312275086,300.4958353664599,-0.15979379597555252,-0.4292314640486947,481.8404182517684,0.008346779624746408,1
366.02312647735675,901.4686405853992,0.012442426952564485,-0.6797551764142962,1363.719776592986,0.008366355117481584,1
368.0146220890099,332.32692047165966,-0.030171665859901418,-0.28916393550206276,615.0193973429101,0.007743351055877728,1
595.896615328813,13439.546447101759,-0.2555182625172922,-1.179944330383929,21996.30554280847,0.007788980430254837,1
274.8761485454092,11841.226216814648,0.2287640438156513,-0.32886535042495124,25240.538161185985,0.009480188271108976,1
169.90794357614237,19295.77349932055,0.1487037987260814,-1.271390872902916,38884.19308396504,0.008969561597388454,1
366.4530940057364,8224.033298487371,-0.17213470235034017,-0.8543796912188375,10454.388751751929,0.00880698868630594,1
389.14808680246574,9205.257591426061,0.030459986026683945,-0.7994840983347613,21959.570708502142,0.008036980021524243,1
230.51775577418934,20046.8821428846,-0.16648399624053897,-1.0460430614327652,57448.07970079905,0.009148395121562874,1
331.42049488933276,7452.41290074427,-0.28927502307584535,-0.38516064028381347,14777.384398915623,0.010297199902429192,1
445.0463797743914,9650.949770148098,-0.3342697911441484,-0.1304113282255872,12677.20113658848,0.009562622461113232,1
467.90352555776957,6058.921661601625,-0.08072843192966954,-0.27929030227157314,10912.703844502095,0.009035579224734294,1
379.01844954504173,24668.588422149947,0.6446903839807855,-0.7778356302539189,30371.63399322478,0.008412811392136501,1
469.80032774604916,11105.824864323113,-0.3299755401406445,-0.6295090930617113,21307.96415404689,0.008744421949496994,1
441.10250798742146,5184.532417490616,-0.04708125442123632,-0.25944190157349256,8907.494467349343,0.01032150871734859,1
282.56104219908826,7721.172099636574,0.3890840510164293,-0.024381317034755767,9941.122014202887,0.009379020534152505,1
485.96214261017786,33285.4229580681,-0.26645560632346915,-1.3655913015733978,64404.970897830965,0.007766306541330632,1
469.70505990007723,8047.8607070755515,0.1626433841728073,0.38257796662823385,5838.268376290316,0.0071250977330584815,1
364.6929057516205,6039.428339727062,0.3304546614726695,-0.14909356532900464,15463.407591874005,0.006870322424390877,1
422.39074473431845,350.2615351842093,-0.05007706397700076,-0.2724973087495295,813.6648459521422,0.00806770906493496,1
404.9485489050649,436.0971564512508,0.017670356862424564,-0.31839017282094284,707.4182854977446,0.007983583403451918,1
383.4159028098825,545.7091667848151,-0.4943192108152681,0.9363545117973389,793.2283016469255,0.0071301964100598135,1
352.35973284337535,838.6934549026097,-0.09821391409986774,-0.20736369751373607,1313.0418592171802,0.007056048140731465,1
380.5225846105184,795.8744410478416,0.23326977641160387,-0.27058483563912716,1500.1882692515758,0.006848480965711021,1
391.7007165325423,1199.184307447704,-1.1167580985289804,1.339082100932349,1484.7519258681375,0.008728974424231433,1
379.18430458262685,844.1507448420892,0.03906801547669672,-0.426782585488497,1083.8122552746402,0.008617258163494726,1
374.472195127325,318.6764372028214,0.01940757132593952,0.13932031986913662,582.392138894257,0.007180651226990021,1
395.8941696597732,609.708755408046,-0.2590428873183516,-0.04888103102264463,1017.2530535455749,0.007078735013673135,1
347.75640169663046,426.1911128085797,-0.029332074393970228,-0.45938898102920245,964.5177083364875,0.0066123274172453055,1
361.5380652408842,627.6690922635889,0.41550211621107636,0.061401481652695544,1057.272807510771,0.008793950637448221,1
411.010292112256,356.09986972397314,0.026041228375185906,-0.34889243181117235,709.9961164745262,0.009409416419815086,1
381.60285201915804,271.35555223192773,-0.06315551705682115,-0.564012734042254,533.403300983455,0.008709084864778924,1
375.61149315517775,1405.0984872272143,-0.6048538685801705,0.1974808194367217,3267.3084841413015,0.008887694336662949,1
362.544386764573,2148.954751233449,-1.689852011813326,2.47923491326729,1269.5685845561316,0.006864959933558613,1
378.68244078024657,674.8963397472247,-0.6519628054895547,0.49887773058239127,746.143551660557,0.008306272672607442,1
346.6983686248998,6379.764304222289,0.9688973327163485,-0.5935006534139777,7141.3742890998465,0.009578899674221708,1
355.57901303806614,12054.37440591861,-0.18648560638574369,-1.4007612745164297,29547.964868939398,0.008196223170831445,1
416.1803675073823,5987.916378216065,0.24646099135417907,-0.9082811722500823,19580.907402619483,0.00781706680108299,1
453.2319745117777,5955.92724997678,-0.4099335815039812,-1.2660860247368644,8609.870575369507,0.006794549371301121,1
499.98314384153514,3485.851905765252,-1.2521218311606337,0.6556039032308405,3926.313336593075,0.008366898758611421,1
436.84465029760975,8155.374240957144,0.44063410706947587,-0.700551714737847,7322.958563802355,0.009733001624280882,1
354.5546253470522,4512.05938695518,0.20648299273319867,-1.2901503699022903,7815.411516174285,0.00880961786340165,1
268.5735348023164,11885.666474648933,-0.7758201292182175,-0.5353025211844202,27604.815624362487,0.008559735582161818,1
381.75407534619325,19420.340100830595,0.22830294693486008,-1.3920013856159028,15759.811339511736,0.008040299568807132,1
344.1291469150318,6692.431840547737,0.48609236398913835,0.6509778551174441,14686.460019932629,0.009070859166792226,1
327.0092229677459,7122.07628975037,-0.5008260717685211,-0.8827297566132359,17653.377610103573,0.010621928024705622,1
383.81710570423104,10167.690021582419,-0.6890518815284079,-0.6356528980258971,18292.294482598252,0.010291709278802557,1
443.15769176325,9074.269835824409,-0.8561010120026802,-0.2694438977370197,13518.995028509153,0.010156827519443794,1
399.3652648809785,1872.816095374635,-0.35583764415549435,-0.19615990129817495,1317.6630135420294,0.009422433115656088,1
302.60950711678254,3973.538360198554,-0.4425848625991731,-1.2799572386324718,5680.5434163099835,0.010210694757877559,1
330.4064028932013,5455.56295928072,-0.19322868102415805,-1.0176155132948512,10339.101713078959,0.011850783646528688,1
377.38763708415775,381.5949948797647,0.10330234622164433,-0.7479435731135191,727.634713353732,0.011826271939326073,1
339.8235742610772,393.5118122071976,0.4069416531428894,-0.30852813435558435,441.97582004169794,0.010721000175276626,1
347.0719943602665,498.4131373139304,-0.08899104862404375,-0.934411724528486,1090.4868425123325,0.010374142504710224,1
365.7581671024155,291.6209867864992,0.002240579432166321,-0.519570163509774,457.8446073630799,0.009811807669995181,1
364.14671111585216,258.27290476533415,-0.32182498867723625,-0.20303230093959002,491.4593325634175,0.010965061298188854,1
390.71825446913897,286.4854716584921,0.11904241927983801,-0.5039139253061578,537.6284821740288,0.010733913652375067,1
370.01654696296043,246.89083629649792,-0.11206166738168973,-0.5335441108443444,520.5690086577843,0.009211265715523336,1
382.4766032074386,290.30178995159497,-0.17469063872413462,-0.29244228266709227,471.39689457629385,0.009236084457136643,1
419.98419480968215,584.5156145209745,-0.43148469050558447,-0.5187641621034444,968.6411012586565,0.008259255290654667,1
397.29502423276017,363.2019856723118,0.23703439320536251,-0.5458596777422304,617.9665529390259,0.00946484104162641,1
400.6416768079987,496.9906438755921,0.1199123422200717,-0.7298670524488706,848.4352007412423,0.010048020050071802,1
374.7067939579215,421.4357232404618,-0.27223055335353474,-0.6518464617689275,699.3177560657829,0.008740790806656516,1
338.8621452781786,217.847782935809,0.06124237880115122,-0.3887426937000624,404.80354157978195,0.008072311050491505,1
356.99685968132496,233.57989032810465,0.08949966196305796,-0.25195051915727307,466.08417244079635,0.007710143940311573,1
423.6929116655331,429.06975395263026,-0.6101910810629413,0.7448288348411967,422.75297321445623,0.008831813104333551,1
405.3409551809638,696.81603552741,0.11097739010252082,-1.1078025386787458,928.825030773302,0.010228217718728292,1
317.1400646359023,2280.162821314187,-0.023830037334400776,-0.8017776194609305,3193.285384217179,0.009390936533457048,2
406.3542370587144,1190.2141998760296,-0.4534798682073851,-0.018235676672779366,2022.4163201487822,0.00910744086760684,2
468.2624789162412,1467.2367958589325,0.9717041962064313,0.9363297670954971,1463.0175055316718,0.008535901005489139,2
407.12451084276313,11846.783615786046,0.37730790003833853,-1.2213907197255611,8384.131414428899,0.008216271261114908,2
370.9914951603577,1861.0927893697105,-0.9587722478945896,0.1627969685688413,1507.7540105064832,0.00873138563684414,2
424.9412868946133,5636.796110996023,-0.29520140332438466,-1.0145092482690847,13414.960676813413,0.008309060716505475,2
380.00702411013674,8963.80333395288,0.20239904431092628,-1.5357730325322692,11147.853726859994,0.007849258869689691,2
230.48140240129214,1701.8641494861488,-0.04882942903413987,-0.9071121658607919,3625.1178167518865,0.0068503117891317265,2
268.9403237127741,1647.2009999785294,-0.4486502028155937,-0.5161247854603315,4893.563845894065,0.007555018064053147,2
314.10327179809576,2103.012738102574,0.06004130973764988,-1.0058091651564187,5063.089535540808,0.0091276084708255,2
337.5543432363738,2354.556604558226,0.33527200495162984,-0.5209962032075852,6678.58730026584,0.008571680210384496,2
228.33983871315598,5414.003510122559,0.10820806804094865,-0.22753569526126194,10605.984991933454,0.0077428742405251695,2
350.1740893934176,8292.578048384541,0.18181999967810913,-1.444234096845875,20586.870365496412,0.007832555129773147,2
381.2415688884463,6733.709787220977,0.7533700606588205,-0.7750776467573086,9674.322370771775,0.007964428115355223,2
288.28734396297557,5049.695296582246,0.8442309286883815,0.9269577087796081,1994.4057973192473,0.009046322867927645,2
266.6348493503586,3341.5115230755387,0.49075469580209297,-1.0042208142756173,4237.963498178606,0.008644684541783012,2
327.5437789478035,1587.7778957136168,-0.5792449243265112,-0.18702446592862865,1509.321216931061,0.00818880730321029,2
355.1912924360999,1676.9015459648926,0.45099178891022174,-0.7417661192638154,1748.4464991916834,0.008094252951015738,2
315.7370073925133,802.9945604008343,-0.15449530989922894,-0.8127697876660669,1698.7100564505495,0.006680392534413479,2
328.4559912027306,2436.652405602736,-0.21813058096014523,-0.8843463811030663,6530.0438378630515,0.008104247833452292,2
296.2076724029563,2900.0000355133852,0.34883887604076985,-1.1329454733167936,4226.3042428344115,0.0080368820381674,2
302.7252649477055,916.7023264337655,0.8832357959430364,0.5401711103109581,1198.4284443543793,0.006960970588606526,2
463.12526878312883,7768.11090425068,-0.8539478796942432,-0.7814840804936933,8027.282100787673,0.0065399508364559706,2
379.41803102315794,2590.7355287773416,-0.12765631420168458,-0.9606405058060994,3998.689532513507,0.005217889890555628,2
262.8272546799589,3366.364298840548,0.5757071908374871,-0.31672772827010975,5030.174378374153,0.00674548925754303,2
360.469661617141,3953.296098732652,0.17411856154526095,-1.1267178605852282,3036.4551750433634,0.0075443483407085276,2
161.74644836397016,3425.6253789903603,-0.5448380884160788,-0.736566020994526,9426.998751090236,0.0070145586866818405,2
323.83974575808605,1556.1762189455467,-0.9915097661110365,0.6768879513684931,1065.4543462592055,0.0062581418449048146,2
423.6652132485865,4068.2603083313393,0.3666886892505396,-0.4105086413744461,1239.732436424442,0.005401661911665412,2
567.1463335659432,3886.275797802052,-1.1138693573507936,0.4226098244899563,2096.508074262461,0.006468562671657344,2
382.56111827445346,5192.854948769903,-0.12377631702844456,-0.5953683887863686,13400.142596011057,0.007487903806744031,2
209.41799641855485,9038.432931124515,0.9943066849609553,0.3983245758775231,2609.8970511392345,0.0057369167739121695,2
328.6546087074687,247.01440947901008,0.21787462222186493,-0.3899050534959212,222.9868593046463,0.005180699031217982,2
341.96972095169906,1447.639953996683,-0.2533340346693371,0.08441902285107794,4188.624274860024,0.00425042487583697,2
354.8951990777523,220.35602187851464,-0.04825281445479608,-0.3417504558313569,394.14988826360855,0.004812750051941436,2
298.09603685169213,664.7330080032281,0.2878277261632034,-0.7265670803100801,1358.2664778162396,0.0052053395043283246,2
335.7344716698456,286.4138263468004,0.16702801320783967,-0.5199903452697985,588.9779818947272,0.0038418040748860543,2
328.8558153349335,4501.89628028074,-1.5875446833793065,1.3136616290427172,5011.955571242129,0.0032681948304996845,2
299.61472802431416,1931.6982913691304,-0.8237929290714786,0.32263377593286746,2688.8348632373677,0.0023711491159908653,2
347.73965441457204,652.6026928853951,-0.6452420463430995,-0.44695321532678545,772.21140439807,0.0038016106426613625,2
303.45914296469005,1363.1902101586481,-1.3394385654693328,1.090337484029666,1957.0177757833792,0.004791038040828929,2
356.24411646448186,182.22333693472217,-0.3518629072332762,-0.1663714898761195,235.390311711911,0.004181293095282492,2
342.6116463696593,431.8428898110603,-0.019895890864504533,-0.7783396234437912,458.2469572857667,0.004102858312338926,2
362.08508302104076,468.1107707054309,-0.361421463513861,-0.17334996637702282,995.7614210464856,0.0033470071602240306,2
327.923772214766,821.7740099636877,0.050876878746646426,-1.397348968218793,1388.4332137629756,0.00500644027033196,2
297.66480095497764,449.7089377053241,-0.9795509007910026,1.9992397716833255,304.7247608626396,0.005961303492580695,2
319.78703815989127,2392.9485308470157,-1.6371685501573348,1.7974394099797992,2272.2615541651476,0.005508696351753413,2
319.48007607438717,212.40980054841543,0.19385790800746622,0.10465821302724088,408.8823074860473,0.004617517037572755,2
264.43748241660364,858.5061199138123,0.03272336436351928,-0.608494804798251,1634.4449763838613,0.004217307795616985,2
299.0548864910501,2875.511992984399,-0.4935918218968404,-0.8484371044915524,4275.0860528318735,0.005370268669838484,2
335.679434199566,1321.090566638771,-0.294162111524742,-0.6494653962459553,2482.3036399825996,0.006933450183754143,2
321.7442859452728,1243.930925885388,-0.2395323626725095,-0.6615958870089691,1969.233440519113,0.006166034196592726,2
308.3325279965435,454.7234027133415,0.19080797346299969,-0.41192393012651873,846.4006186695274,0.005445488930151353,2
308.37428523174395,2047.1692978726667,-0.22434731241308042,-0.9756584237246049,3148.137922758859,0.004387653809189132,2
346.3486812579047,2686.2079875963295,-0.14858062346995385,-1.0857542324707365,3228.613730938422,0.00529559802991761,2
342.45590866026197,1152.6841126370603,-0.2695046092242042,-0.4673458124158203,1762.5751321247103,0.006841202670781242,2
318.94398025642965,991.4778474461403,-0.1717994616539543,-0.5910545137146466,2257.0612694677443,0.006900637880795935,2
345.0733255481795,1056.1626776297896,0.3555841324913496,-0.4256656923843236,1918.1775816619252,0.006714985353583013,2
402.77114488443095,1479.7885671837025,-0.1237230045910758,-0.7068899020781529,2565.5376407033855,0.0063656519125824375,2
356.43124810573823,1636.2030769756666,0.49441295602268764,-0.5816091033170188,2741.392685961708,0.006028596348540629,2
261.6725561054487,2400.424507107762,0.11408612762432005,-0.9714492274506905,4548.546654499445,0.008015287294571634,2
316.4241268817957,873.5952847926656,0.6710974784243685,0.1638759762475792,1196.3104733197906,0.007873175638930764,2
333.533336899771,1807.691542676529,-0.16233591676060297,-0.7269806433973165,3503.4247031468713,0.00662463356293387,2
330.7939359141783,2963.1401706959764,-0.03625877495864748,-1.2085031663261956,3598.254046511838,0.006297450698899368,2
355.25236132643,1107.4807150387576,-1.5338912981800998,5.230330333942474,686.9658180094056,0.005946506031679147,2
350.32352818951745,3528.6227480325683,-1.5705199385533317,2.2025079596364723,4126.711892207477,0.007658952051782412,2
334.1170162419029,1896.768125767555,-1.6503395628856234,2.5074299858006173,4642.099807002228,0.00790487668675095,2
326.3291225319229,2323.0902782647113,-0.8098737729707058,0.36940016522395025,1351.1398373491263,0.00691398377702328,2
311.91708693349653,2485.049077053866,-2.1311843119357547,4.13148912060123,6072.785416954746,0.005787356784216088,2
314.8448668828077,2338.323620653252,-1.967734559324333,3.7416354381945602,9731.135795556867,0.004631518105321123,2
302.20982829590037,2432.698929488143,-1.2345549274205356,1.7869020974180945,6998.599873833709,0.006665445046961922,2
308.8619441361909,1818.4750990727878,-1.630926652912407,2.838349887963508,1686.155790772285,0.0069800157431564635,2
348.0277773196701,1788.01274647344,-0.4067137550412972,-1.047517077301083,2614.2016927059835,0.006368535033081172,2
306.07532236972156,3633.9607196587804,-1.4066475117044783,2.100742144372153,5052.100754810269,0.0053304968554970435,2
315.7796767050137,4384.200440798381,-1.7837510931995029,2.272604016682366,17584.694417076014,0.005354751337798749,2
318.3829541006329,4637.206040757306,-1.5601860503517677,2.1391361478473128,9731.085828382178,0.007040463731881251,2
320.262207999364,1543.335022995715,-1.4511363312440306,2.319877760965272,2773.4369487126783,0.00828639662744698,2
304.878190784441,3423.9528570703637,-1.7066285766898646,2.4559854443041935,3906.233613957007,0.007048782529395263,2
306.40392678985256,5210.592335476047,-0.7449052667498677,0.19816379896556802,2875.2376478134597,0.006883348045234006,2
284.1842499217571,1510.355593882087,0.6624744580847322,-0.58041771347327,2099.895939704097,0.006259180465066939,2
400.6314278393248,18358.856500024136,-0.5180768831898838,0.03044399785743712,3613.725267094748,0.007326592250220741,2
234.83530752703234,2607.497015585682,-0.7490428782247652,0.5638387174836357,3359.250630842486,0.008255266009678429,2
257.27254444923284,3100.564709940948,-0.9526641011649201,0.8828995226982017,1868.799507294585,0.007264470314022569,2
246.4889098065333,2799.465969784534,-0.759287147435426,-0.28335888855047164,4009.492407441421,0.007179211055143481,2
271.65744762561064,14853.361056209656,-0.7027716865468528,-1.0577380797369664,23464.054606177746,0.006945619910337927,2
106.03483644837556,17919.451591210647,1.049231280754225,-0.42263665083092494,19248.900109177113,0.007252718997310473,2
407.8924688964541,11774.115339791502,0.09017426175923375,-1.406762152048522,11000.416353994377,0.008687993773988458,2
406.4393733274911,2133.599445675502,0.640262930238724,-0.14848607657784818,1775.5358748614933,0.008535412371790153,2
326.5157233243914,2868.294056966734,0.2451072585938131,-0.5191847337245985,5389.119980177407,0.008143018046984423,2
465.2536255471068,8273.687082643128,0.19082240128376696,-1.136058764826021,14060.164238464426,0.007270092807698416,2
331.13205529536185,1105.1965265800527,-0.13860763282668837,-0.49022594943800124,2287.555324417287,0.007397787076692167,2
381.79577839633725,1503.2106158142906,-0.3450599976068558,-0.03594140609349061,2629.8802231090494,0.009147360293584638,2
384.3140762994744,3393.763107869862,0.2711345430061522,-0.7283866516096231,6879.723755914577,0.009054291761159143,2
423.1235264150929,2094.9537511492867,-0.21965604055958532,0.19633285389602761,2096.765988939589,0.008461140208326511,2
326.8452778176013,7817.278306391005,0.7808603382291938,-0.0961176153015395,17343.126083935673,0.007828274412665343,2
324.65485204055153,15016.699077059478,-0.07424394718785865,-1.3149469861613758,26242.163785679655,0.0075137701242566045,2
317.96655079462903,360.74841395606063,-0.14415185806454547,-0.2781174610676622,725.6301579393245,0.009796071605599952,2
279.75362866483243,5613.641334726506,-1.0358383881226505,0.7488648098486159,18151.598203905032,0.009506625690356698,2
361.33295009722707,242.72145344268515,0.061380083559943545,-0.10993434569430072,489.9686698491862,0.008356024380710628,2
356.1452774461803,276.2949373629696,0.1789256989853159,-0.39753169853249526,592.5246973568277,0.007315560899311568,2
315.35809068439715,288.63360915402404,0.28517890191421147,0.4028670411373816,548.0708115955883,0.007116157971371534,2
308.4900624930436,191.29234026419095,-0.08841020709442612,-0.5714758594574172,379.225042936433,0.0080019083944943,2
329.0586629065261,270.11286949797676,0.21171382348209997,-0.21777447067025912,422.8836912271258,0.009180861199733456,2
330.1885964197671,284.6591175304865,0.16737925197733763,-0.5290149505580701,475.43677595862846,0.007763767696361778,2
317.2580038203978,5289.701052750689,-2.351325297317055,5.032389799163093,2234.880180030739,0.007175583242514507,2
343.72931779306657,516.1790971255904,0.01699729850354862,-0.9603830729080363,607.1418161554622,0.005918985792778183,2
327.25537882790434,422.7980956876929,-0.2381212532995891,-0.2945176525040698,766.1357209958688,0.006062913060105112,2
290.00978019096635,9650.046924945933,-1.9599852357968457,2.713564677197743,41558.172554462006,0.007487518242900411,2
330.20459548813034,467.6962079847262,0.10747805256801644,-0.8320607053722626,740.7593588582353,0.007007222612799254,2
305.29818136961626,213.75782482281463,-0.13652860261188426,-0.46153864186006865,344.5906025542885,0.006959606146213566,2
313.6719027165054,637.3074090563799,0.022554263765001362,-0.6602756839139086,973.0733173888615,0.006117481906152145,2
315.33012085604605,245.13248925882115,-0.018894087995891717,-0.30786442098192124,458.69717868564294,0.006326105323236228,2
504.98743834045365,9356.499795440026,-0.25687724368383674,-1.1776637934214074,15308.06631511405,0.008304900357634246,2
235.24312139644564,8342.783968220981,0.23577192485385157,-0.3195970756624771,17737.172392781264,0.007563313089188722,2
146.8150635931391,13549.461021901061,0.14518367834475712,-1.2725991952183966,27296.403991910196,0.007343635130023459,2
312.7540820264763,5666.482800583043,-0.1754618242938838,-0.8493102320732011,7226.068192914079,0.006616640538568081,2
331.30823639002176,6342.348171305228,0.026587007156784137,-0.7884411802742539,15181.916644778858,0.006954495923955633,2
199.81953518571163,13968.16821315951,-0.16800602488194757,-1.0413394391735697,40063.49653338551,0.008120546599786527,2
283.76182421500454,5221.598824258165,-0.291661843047796,-0.38516930616722656,10389.034448393397,0.007581691230911634,2
379.70108040348816,6898.495563090572,-0.3329778679518392,-0.14170304128177857,9024.742372088123,0.0066898698776519635,2
398.92826860105583,4232.049087358207,-0.08028876594121738,-0.2790343396829118,7611.212979949974,0.0060717970792266065,2
322.7257374097071,17229.185867218264,0.6409374453058597,-0.7745332751447829,21338.058719661272,0.005830933976834396,2
399.65808709015903,7785.005378202332,-0.3436301439377624,-0.6297996711467704,14985.898253771786,0.006525600172300513,2
376.2822211162773,3584.9865115704424,-0.015677750594594118,-0.25477531759551875,6101.826063521318,0.006831243759745125,2
243.06300596338502,5449.37274674223,0.391607294956827,-0.0193756850862008,6981.82263363674,0.005694394971000952,2
414.18552666485004,23324.369435789424,-0.2645272761334476,-1.360910095759575,45191.1374649943,0.004949456844093457,2
400.0183746521495,5688.081430957046,0.17545339891094014,0.37943325589162136,4138.671826938303,0.0037769090356199746,2
311.37336830324705,4266.21827196773,0.33382152219869515,-0.13696979911249274,10963.469067017271,0.004703994059684108,2
360.1648704322728,246.7332236856759,-0.058766071288515534,-0.2843116507406913,573.2119506708688,0.005250302429743489,2
345.2777597612083,312.6564422113629,0.015025987057962114,-0.3221576346259396,504.2237983569826,0.005050665957765045,2
327.1445650501729,385.0482740979105,-0.4904532510872331,0.9157464318943997,561.9984900338256,0.004440817424437461,2
301.41672474456993,595.3239384731678,-0.09469220938032769,-0.2105070517987757,928.5500610067874,0.004410452110690285,2
324.94604703964205,566.4853175220903,0.22386477641847147,-0.27602225992194906,1070.0256813587876,0.006237641041110755,2
334.3701257185837,848.978165954321,-1.1078412284610153,1.314541210554788,1056.795441370615,0.006956866402354856,2
323.7587431247758,599.135598931904,0.036874659715333234,-0.4244325672865501,768.1264011598082,0.005933595208819976,2
319.95225074278846,226.75777799932465,0.01433605937486077,0.13755605133807247,414.4197157723846,0.00465624788337028,2
337.5736851827512,431.3442605756085,-0.261625352607347,-0.047689896029350365,717.5542922368226,0.004940921280079042,2
297.39019457570896,300.7774471065707,-0.030087357833667026,-0.4562639272461748,679.2980616370842,0.006841426008894418,2
309.2573699727657,449.61663081348945,0.4170571608633719,0.05377772423205229,759.2862935830314,0.007427825121739205,2
350.65808118243297,252.28866819971904,0.029813493130874315,-0.35960372082781866,500.615025697764,0.006228698335796662,2
325.6768539445667,191.88411157937838,-0.06177284407795226,-0.5666069340612139,377.1279197417095,0.005836028786475844,2
321.03133038210933,990.1827393032937,-0.5983146695474675,0.18563728655377876,2299.615475784568,0.004937654859849836,2
309.7631640375312,1508.3871348742528,-1.688916728032085,2.4807523997904726,887.8574438705965,0.006042797228075376,2
323.3238048952806,476.31685489172014,-0.6392777920728577,0.4789199700959128,525.1624355186768,0.006867687891366961,2
297.00487279607734,4419.479809528611,0.9679725376913781,-0.5881649102711579,4933.253341408716,0.005564557388536531,2
304.8211229599731,8428.960008612956,-0.18430141002795603,-1.4030071186435862,20624.350115454657,0.0052613266236367145,2
354.8331656357884,4153.1402964699755,0.23708335960783603,-0.9067590087403063,13553.825515158826,0.005314599372218767,2
385.7574704002004,4117.036207547795,-0.4091334901845305,-1.2623123149611153,5928.628804767731,0.005966948344600548,2
424.577126144814,2413.3480802420063,-1.2510822191232092,0.6586601831723908,2708.577901732413,0.007583311020556011,2
370.98208925402656,5710.222974657759,0.442401637582328,-0.6989745110425201,5143.05168660748,0.007929667543607707,2
302.4958621662397,3163.21972859385,0.2055402023232854,-1.2881417921587783,5472.190831535813,0.006896440753904045,2
231.67387333007622,8396.937258821212,-0.7833663997231836,-0.5301467989334521,19534.711339796788,0.0061696102935581195,2
326.2864736029939,13630.823866849905,0.24508176246477098,-1.3864696449583924,11077.740027721333,0.006951748352690977,2
294.6144734179027,4758.028539150386,0.5065944830464887,0.6699897958087315,10335.014853344877,0.008510617420195724,2
279.8713885474259,5112.067257763317,-0.5110941720560653,-0.8811811320854939,12675.809319069358,0.007711803375792946,2
328.9159334506778,7220.0733922986965,-0.6791771695219667,-0.6562317240171978,13019.863275092688,0.007466498183025922,2
375.9801904308265,6377.035749056788,-0.8438465139802717,-0.2944154134025201,9532.847055878046,0.0073159488733421305,2
341.83673257413903,1355.8073046907186,-0.34667619334844263,-0.2713974561692929,983.2593060501606,0.007387244920757657,2
259.74841455513535,2901.266613886621,-0.43813211798792523,-1.2844346564566926,4163.323915409047,0.008820956782731395,2
282.7728334942566,3847.8258175563906,-0.16333716172710508,-0.9967418859374648,7264.143243573743,0.00798753115095687,2
322.1344374341889,261.9914509303276,0.09730478414852116,-0.7497004753351608,498.9583778114156,0.008135353573169312,2
290.75456132180886,272.4407045228458,0.4192408560897712,-0.3021657369274533,308.3294768767577,0.008013975835803206,2
296.94276935721746,345.13974288098876,-0.0857139267248215,-0.9307957070016699,758.7807526182426,0.007087422324475411,2
312.3803359036326,200.57202595185447,0.016737647388746058,-0.5149741111815787,317.3306628236503,0.009115598350233147,2
311.394418057563,181.39487939412814,-0.3228554533881773,-0.1894388508562037,340.12556098701435,0.009390549383917752,2
333.37549016390153,199.10208338028625,0.10977179110190642,-0.5117431433058797,374.5386545993068,0.008751918683914187,2
316.2580662476799,172.5132505425536,-0.10747943572679308,-0.5321403198630952,363.33397964052864,0.008069722587494716,2
326.432933077122,201.81221426037527,-0.16643754621209417,-0.29906901776910866,328.4491523371179,0.008183326408639072,2
358.3959511848528,421.254692577373,-0.42807650727951274,-0.544547950121756,700.4693456369758,0.009925616528045075,2
338.9987725500546,255.78439803310343,0.24966912297732685,-0.5362476694945606,432.1178903990178,0.010086816471131098,2
342.04843963004856,346.3148539394698,0.12015543233174326,-0.7254703926248784,592.9760413991145,0.009095954341649767,2
319.7053736306635,294.42641426644997,-0.27716696037612976,-0.6449120186147148,482.3226106607323,0.008428275147799128,2
289.7280441841581,154.46323752047473,0.07876597297727696,-0.3810825029835847,284.6222299468743,0.0070248409846977045,2
306.10915137319364,161.3037350980176,0.08823505566644854,-0.25207708683893326,323.15664027150945,0.008764579424126766,2
361.17026756951935,294.2946727425374,-0.5953728430555507,0.736620550935446,296.51176898546686,0.009676122553075012,2
345.43637794009885,484.6102583773914,0.10822614525775844,-1.1055009925406247,647.6649504707245,0.009215181919679731,2
264.52770303926377,1444.9015977170611,-0.034829658239791464,-0.7828539017720244,2045.632589004604,0.00835239090772903,3
336.1786628089533,785.9241153124902,-0.4538346651840095,-0.03788220881460491,1344.132983110681,0.007348250847824983,3
387.45455113910873,950.837008301578,0.9716658757713831,0.9462146689435489,944.8998516672286,0.00789564394244884,3
336.98767728721435,7842.460111721776,0.3772819514146066,-1.2197268082772572,5550.168154563789,0.009332200482830984,3
308.0762930417243,1266.3297557782162,-0.9755072859361175,0.18287039177351527,998.4612264198626,0.008044498575963977,3
352.8937647161522,3716.1723808960614,-0.2877399500572039,-1.03146373662702,8795.66371882304,0.00765357175748587,3
316.60138791535064,5949.846494195638,0.20509659389741217,-1.5363430042181578,7407.139294091039,0.007178260577785293,3
194.87116173712386,1126.4204053485753,-0.057361226570175165,-0.8825463141686254,2390.4990656463806,0.007910708782042706,3
224.79695991028342,1088.4942075941742,-0.44147009910968227,-0.5072983728231351,3234.5784351934594,0.009462034655926916,3
262.5831182561952,1410.9644342889112,0.049314301238476736,-1.0066880821211728,3389.7272088723403,0.009160433404559448,3
281.5962588600825,1547.4462937919316,0.3447653819615623,-0.517397135358586,4417.67393097714,0.008183068589422368,3
190.8783710923222,3610.303961929588,0.11906546414413822,-0.21637425769930774,7066.155715603045,0.007315430676150712,3
290.6295296632204,5429.183851061623,0.17641885222454468,-1.4406210115956566,13462.455381185431,0.008390406140967444,3
316.585522475245,4358.337993490114,0.746449032729523,-0.7622202765926218,6350.008415023295,0.009588820897488722,3
240.38918578261936,3328.868988352332,0.8480452595131944,0.9436631108692874,1283.7717927060885,0.009215023835357354,3
223.2843984508132,2224.731715284173,0.4922117207899838,-1.0097015389237776,2802.8428962150797,0.008925110456275595,3
272.809546130042,1047.6083551344448,-0.6105394624199251,-0.16264632622775155,987.602250097774,0.008070635268350761,3
295.0953759571528,1038.3694047806503,0.4621553018073217,-0.7115383787256286,1135.7607275738055,0.007313213515833191,3
262.9419457125555,500.8974311381825,-0.16230643414386323,-0.7972088732946747,1059.9606416120025,0.008418777096883436,3
273.73444931614875,1544.8910766721142,-0.23602667424295076,-0.8401785842744576,4164.706956279854,0.008553266934796869,3
247.89266350750967,1828.9130473548923,0.3414422645235501,-1.1278755870297492,2717.0984961913887,0.007851269452696475,3
253.4097427480799,626.095038333146,0.9286690122880251,0.5841872539636066,789.4204538424998,0.007099262683236151,3
384.1932106988617,5216.108435348234,-0.8479070786879541,-0.7929251802224662,5455.795868571057,0.005461418063865467,3
314.4321502730946,1665.1187069564137,-0.11583036425135061,-0.9411022928726265,2528.7934815328153,0.006635267836820556,3
220.13480792807246,2265.784308701173,0.6051197376960782,-0.25927083433037,3361.6641523498706,0.006814926521546597,3
300.3544370260181,2675.6120914157727,0.1747769767981829,-1.1290384990636297,2027.8016272106934,0.006487887382626833,3
137.88902517219083,2251.4324265956548,-0.544413846025698,-0.7537692473754549,6194.880537610151,0.00643188443902114,3
268.77637037486653,1005.0093568932967,-0.986388733675784,0.6693956981150215,691.4512292854997,0.005201236614191828,3
350.25131692262596,2761.6324610543456,0.3621442725090589,-0.4191551617959357,825.6365782465305,0.007011035833600988,3
467.5233143510202,2576.164085455717,-1.109150257241907,0.4060632892470317,1381.8543493183324,0.007507919662901463,3
317.2522982019641,3534.0375224031695,-0.07266780842415829,-0.587001142451693,8953.968330821446,0.006428419096984447,3
177.7996577868929,5961.29809719438,0.9900699036921693,0.4069813981494579,1695.3951852617292,0.006794904953803222,3
273.6917089275873,172.54647663406485,0.19001004010161418,-0.4136260652822892,149.68616723617833,0.006494176358265604,3
285.0505324372122,947.4097741966608,-0.27110269414233384,0.08835508855675922,2727.9291686890324,0.008330404837360377,3
295.91215612427544,151.2707262774566,-0.039290854312905306,-0.3688911844129179,274.9108298722502,0.008929091613425217,3
249.2175031576871,442.3403127830003,0.2955854614402029,-0.712319295983618,901.4106762276668,0.008394205321073137,3
279.2918400767451,190.14333948490074,0.18371833819645927,-0.5242305012323181,381.88402491476967,0.008232151128558646,3
273.6697384459796,2969.3179064546916,-1.5865324072743097,1.312515570710155,3318.965502846861,0.0070894072578815545,3
249.8278094768749,1267.2988508146925,-0.8183634778233784,0.3075870942770784,1779.4164773075847,0.0075494787679056645,3
289.92955791046467,450.38431446673445,-0.6343977393549955,-0.472089887319751,543.4771947986932,0.007532657904147922,3
252.61759230986132,887.6781801314979,-1.3461240285746754,1.1224619862785774,1285.5006845345183,0.006890548708942979,3
296.380917175836,120.26534137787009,-0.3910982525979847,-0.09947037586630092,157.96049979095645,0.0063473823728768695,3
285.26468242400904,281.6716176823149,-0.10219427742626232,-0.7054427510281966,282.7010715367632,0.005005957350685167,3
301.4319898196001,312.13587135969806,-0.39178472183841995,-0.17414480213366446,652.6949085375328,0.005881033438692114,3
274.1876121355538,556.7959273938712,0.03688553261966121,-1.38808658091286,955.1990679094079,0.007436941934381201,3
248.8837660479623,303.6065965306312,-0.8786634899680126,1.6703512782364554,214.29257613404917,0.00621829158524439,3
266.9411875159941,1561.6388270000036,-1.6357306556417617,1.8047790264955044,1493.3692082138095,0.005931091835254505,3
266.41081314552946,142.38740154044748,0.18583262005419507,0.041299868530945805,272.7175123956505,0.005759142798429048,3
221.86530894294566,576.3895165988495,0.03581666513077734,-0.6070693821901272,1099.1056038459433,0.006277561843871203,3
249.5664742185843,1906.1083795241568,-0.4871847759745604,-0.8527446364555393,2849.439500143486,0.008329001396804194,3
279.35506348533636,878.8333934313243,-0.2876500488252528,-0.6497388440294318,1653.5666628820115,0.008074450744227503,3
268.05532129173605,828.8478763069095,-0.23168809136796745,-0.6691982163738412,1315.112969313194,0.0077934614887946495,3
257.5346836970013,301.6382252405867,0.20271832493366496,-0.4135731023790221,562.0668075598527,0.007685791984449712,3
257.3360029720194,1334.08562359991,-0.2174187756149912,-0.9658145860036647,2058.1025959128297,0.007566308307185121,3
288.14284843606333,1792.7687293506624,-0.1445222167667544,-1.0885861649735338,2153.5733075968,0.009145786838042813,3
285.5016310726803,774.3303731416175,-0.26095442028407134,-0.47831518335630596,1187.3979801245944,0.008443698324716859,3
266.52255789693993,655.6577335653317,-0.17535658856435896,-0.5833982116028604,1495.7466238166828,0.008632998281349887,3
287.20077126157287,699.4495557489382,0.3555768235585074,-0.4223078063086847,1275.8348357816851,0.008415456507703244,3
334.1285667389348,987.2018319023459,-0.11467355808743147,-0.7119562279410796,1708.2285372838141,0.00784659624378393,3
296.0283313056856,1080.5244127350777,0.49593843606030963,-0.5627289220778264,1821.4408931777698,0.008870255440731575,3
219.17446130543595,1585.110360575698,0.1118268518154309,-0.9635451521672276,3015.395431724718,0.009548261486934901,3
263.5142608154998,580.9802475160087,0.6751412982993484,0.169217399441846,803.9056967667045,0.008514841857294989,3
277.6881660483295,1204.1650853946503,-0.1647327678258963,-0.7235618529291004,2337.0737729912807,0.007382466042839081,3
275.1215850853298,1951.8832663380463,-0.03483089735516708,-1.1996459909335804,2386.045223859483,0.006638058087149676,3
295.9899173276742,731.8595539158226,-1.4655573253016776,5.032992052891842,466.4698628286063,0.008132148667752382,3
291.09377766300724,2305.5775113665964,-1.5719792437090492,2.2091468916599144,2716.4446845995712,0.008991247587452456,3
277.2486236344726,1249.3564999334392,-1.6504136361563895,2.5226488181588795,3074.1804554575065,0.008450677819242107,3
271.5776688420956,1544.7435726758156,-0.8115000759988903,0.3605816325304758,903.5925344638653,0.0070309246631861866,3
260.5324054967488,1642.4304705544953,-2.1232963884046008,4.111968007548472,4039.8229081682935,0.005975142617537864,3
262.9547058774635,1553.4024033243147,-1.9537770418224385,3.7092497918780625,6455.325716485761,0.008007218621395782,3
252.45622070012035,1604.8533935692299,-1.2449941948653858,1.7993240704317879,4622.3866394952265,0.009294111113523325,3
258.24025480455936,1175.126685703368,-1.6380881816070356,2.8627763009842173,1073.714804708054,0.008114354642079921,3
289.5810896030707,1235.1420569133873,-0.417674995396732,-1.0542142903639813,1804.7103981979349,0.008828661600684505,3
254.66898451901545,2387.28835170821,-1.4135348198572975,2.1101360204309874,3289.056002039478,0.008700053008206688,3
262.7760045790815,2868.93561589272,-1.7869888199030703,2.2937733913027296,11511.78632096583,0.009425873828617622,3
266.0730040613852,3080.9013367057296,-1.562198624001387,2.1376729923525337,6474.257518370421,0.010944416113699408,3
267.0429189320407,1024.433744957326,-1.452800364765984,2.3164559138339476,1840.3647519417664,0.00989107364509082,3
254.14143403786377,2276.045616848609,-1.6954138925581814,2.433469968811079,2621.222461902194,0.009787674657129979,3
255.68167198468223,3415.115673706761,-0.7286721393469574,0.19445143278517785,1856.042162745154,0.009835904653281257,3
237.5517001532554,1004.1638156169756,0.6785985213754291,-0.5635020691778885,1371.5103312116157,0.010205502384716684,3
331.5592710355062,11993.593793910662,-0.511146318524294,0.04357239117476919,2309.8539460227234,0.012186081490636307,3
198.63353755674234,1748.857940917104,-0.753176898192578,0.565761840440894,2232.7335094394407,0.011447181845352365,3
218.56931352172484,2099.6164620167656,-0.9531500562372307,0.9050351075910252,1221.6239233276397,0.010731403614278047,3
209.77562940873867,1879.9828175002508,-0.7448299182110114,-0.320171237048942,2692.9804350834197,0.009599883084683614,3
230.0294624387995,9833.070946003603,-0.7034292207523875,-1.0561289938330616,15590.648086533545,0.009428501579553127,3
91.8210897953243,12098.295322360413,1.0612575179302786,-0.39136620761068697,13017.460988989793,0.01114642652523862,3
337.9528579798146,8155.94702239674,0.09957332732342539,-1.416550123446623,7629.617044216308,0.01033406909230687,3
339.289890847822,1343.6518960658693,0.6704399437661078,-0.1171969666985353,1166.9293407523671,0.008666665269268799,3
272.64753670815776,1874.713214866932,0.21470491474532255,-0.547785823710135,3556.344551745479,0.008098815964345094,3
384.1367305775194,5466.363814726315,0.1858380571708499,-1.1359192766984283,9275.172836568701,0.0076146463289653195,3
274.58942991618915,758.1969984905477,-0.16824292986527345,-0.5300561119611702,1505.920063474099,0.009167712487593047,3
316.79657081347796,944.7062924718482,-0.32148825398570874,-0.07704181185990322,1625.2311716876754,0.009465037459801257,3
318.3325542247961,2235.655324431715,0.27482840566810246,-0.7729057406069257,4460.266980195241,0.00927021524988729,3
348.4026461246766,1402.3908977257481,-0.1635518974078404,0.15314468613630083,1424.7757384367892,0.008691704662986754,3
272.17804512913443,5247.886975161688,0.7618828733417929,-0.13994086826525853,11769.79798966683,0.008318969922976517,3
269.37147128787194,10072.728870901334,-0.07794617640844866,-1.3352195691535587,17280.77512664733,0.009273570854081849,3
265.0931354961645,233.85468236431953,-0.10820857035870604,-0.26969334605928674,475.6700502712634,0.009826563424159768,3
235.06246662864632,3679.018178002851,-1.0478890252897886,0.7770581417637619,11937.111595708493,0.009562637025261132,3
300.02527526676874,159.40524950522016,0.08003038546788781,-0.11663134087961335,322.53201967763414,0.008290291323631642,3
296.11543418538724,187.25291093254856,0.19033687935428956,-0.40668393860351904,401.29915327409685,0.008168380357057383,3
263.2289933886483,190.8999021427438,0.3043947222748723,0.42366173106746086,358.4586530019851,0.009777641538008046,3
256.89860018786317,133.61483606090025,-0.045814406218832864,-0.6055599647437755,262.95174033053075,0.01074450720089855,3
274.85227405618036,177.0389115256371,0.20774033930388436,-0.231315414427804,284.1705262071967,0.010063687696513725,3
275.14532417261904,185.10499364055056,0.2036970047584922,-0.47422293574877417,302.0005112360837,0.00965859832318405,3
265.2106780410189,3485.0201490939703,-2.353898362501978,5.047032574379001,1488.7364667152287,0.008290567616346702,3
285.71433343396336,361.9264024338503,-0.00015906265895578796,-0.9616810361969588,418.1689229577738,0.010031709728912652,3
273.1204640821104,289.87497372751426,-0.22418575725377862,-0.32156555907313455,521.8858674263886,0.0107625587404375,3
242.00742568819814,6367.5644133758115,-1.9554784979511928,2.699377201393422,27390.004781078744,0.009490911207622025,3
275.1775634749831,310.580539721654,0.10735027180013985,-0.8230289102825297,495.538098157615,0.009219072419353493,3
254.96420224773922,144.149424309133,-0.1065987072205416,-0.5035176004052597,234.34705563189883,0.00853727312113378,3
262.65714528585397,424.9542837772177,0.036931336487650686,-0.6342383813770116,656.7220633041829,0.007926182755145979,3
263.99274790264684,174.32824350954343,0.0028210537382857967,-0.33541083764520785,332.11323883290606,0.008952515002478102,3
416.60204003607544,6102.223735244928,-0.2587650995009207,-1.1743159559461371,9978.897336839469,0.008986149425576271,3
196.6325446956913,5532.710672980976,0.2455948448650798,-0.30643375739470535,11720.549564661549,0.009147193523203078,3
124.26723779799428,8943.587445063491,0.14018511940221876,-1.2739798723622482,18010.678372007016,0.007844166883375156,3
260.4724183592451,3643.1258724661793,-0.17998882094295807,-0.8420830174068725,4667.204105961839,0.007138574957183722,3
275.0236054531199,4077.490867388347,0.021098273414427427,-0.7730768676711159,9806.254651526942,0.009287936003137971,3
169.8226395483,9121.68610676926,-0.17008809425928614,-1.034669357406016,26192.934332381723,0.009038559537862865,3
237.33012637338092,3437.658454673203,-0.2943569715593463,-0.3851902606132773,6870.763125130057,0.00834503517313828,3
316.08544635632103,4667.340986148015,-0.33090745691544393,-0.1579168574912213,6071.805605460429,0.008058276877936643,3
331.7870536225797,2773.162308551652,-0.07963656637644324,-0.2788527321709031,4977.416903317242,0.007554448573684923,3
267.94397490012693,11287.325087832889,0.635493224803597,-0.7699983328475946,14094.18033683707,0.009032014488260761,3
331.4115631835575,5128.0433223091395,-0.3616292653164227,-0.6292405320229597,9914.13049680363,0.00902418824696005,3
313.1784663841525,2319.0441921437514,0.028228022505497417,-0.24786769499215078,3892.3491376146485,0.008404086397347495,3
204.54106819728594,3624.545995684297,0.3953641044406551,-0.012840166945029985,4610.970570334006,0.007935437015966409,3
344.32322124048096,15350.324725254282,-0.2616840243257997,-1.354250169486948,29795.389672540143,0.006196416190372889,3
332.2000232182763,3788.569651442102,0.19313101017300946,0.375365145234583,2768.2733376732294,0.007152749232654822,3
259.4563802306301,2839.3593485540187,0.33838090737614523,-0.12022994532728903,7333.0329100354475,0.007537288306865077,3
299.592741801977,164.0070981774233,-0.0702693466367389,-0.299816195538654,381.06856128123957,0.007295981551770079,3
287.19333070948386,212.38557951628226,0.01125364572046511,-0.3268518173974142,339.82646750044006,0.007136921290203488,3
272.36106834758607,255.92798357702978,-0.48492250681637805,0.8867827478312402,375.70661426330855,0.004617533265930648,3
251.79361318247678,398.89082945988514,-0.0899837505976696,-0.2150259725444288,619.03882633041,0.00655566437658236,3
270.82928848665506,381.0130618993418,0.2105714452879489,-0.28270510543193916,721.8266940722451,0.006937480737684184,3
278.54994981150094,566.7433093315291,-1.0954829074285695,1.2808555905987333,710.6971855600133,0.00587252899729109,3
269.79059126626134,401.3700037801744,0.03387316671249952,-0.42124290656841445,513.6044709467388,0.005348488697558724,3
266.8582823607536,152.50499222534413,0.00726985234159122,0.13438996382015622,278.69679632398044,0.004323967626144923,3
280.8026957820399,287.7474142833006,-0.265071491613861,-0.046767995947060825,476.7461556191059,0.0044567012393602196,3
248.332101936517,199.98090450134933,-0.030982317694188632,-0.45204367522005784,450.3603001923593,0.006074730419828641,3
258.33144091645846,305.1489934908887,0.4185767715616982,0.04263351678859406,517.1872505714151,0.006016621749206617,3
291.90266665273566,168.73468860116532,0.03443466210585121,-0.3741566443869271,332.4515147640161,0.005116851821996008,3
271.22659238792517,127.93345351234571,-0.059970492282188315,-0.5701595388195875,251.3877273780177,0.004565901324705689,3
267.8750319528305,656.8415120739339,-0.5891490522311659,0.16916454331894437,1522.768389610176,0.006695608171477232,3
258.3623902675478,995.0589636837369,-1.6872662660636077,2.481958999069514,582.9670790410764,0.008206584658618364,3
269.42103697489813,316.6850444971389,-0.6216942411118894,0.4504826256160661,347.89602422242615,0.007030111648187035,3
248.58454375917438,2863.2758110051827,0.9655196797245209,-0.5818019725455641,3185.317821766779,0.006752781847528557,3
255.35573470949066,5530.730418198327,-0.18115897356609315,-1.4059981500294,13498.733089399728,0.006021727834925421,3
295.1167063694543,2694.936307987064,0.22387705756179055,-0.9051262460346066,8768.317764678555,0.006712800657747397,3
320.1008654691053,2658.2546499387136,-0.40785372400636255,-1.2569514524281384,3807.3695867240317,0.008693688795558511,3
351.2356502088047,1561.815376611325,-1.2491759537656795,0.6622507517063192,1744.292810242699,0.008243222035797816,3
306.92150195291026,3754.1177770864388,0.4447069468441803,-0.696826357893777,3396.2157034650704,0.007930734600249241,3
251.81305320982793,2083.0756840132563,0.2041729005952472,-1.2853310705933012,3597.4616819614794,0.007643003828289426,3
195.6617697371483,5588.937755559488,-0.7935601070520545,-0.5230644935096187,13031.67793548873,0.007480846197118461,3
272.2655033317112,8993.312712950947,0.2682005927067521,-1.3781222057910176,7327.91202469386,0.008971045699174623,3
246.37480462113015,3194.8259766482465,0.534494113222754,0.6963844037890676,6842.004281787193,0.008563094385847568,3
233.94979461279075,3478.4271519532463,-0.5241742660123968,-0.8796857063689565,8626.188282708466,0.008274335218561272,3
275.4170933473699,4839.843138871449,-0.6656564866286744,-0.6840174460603827,8755.027932602827,0.007526384228161633,3
310.65255548580626,4213.952990827855,-0.8266541521814177,-0.32876141714818097,6329.080810823873,0.007853396491171677,3
285.79237070091915,934.9421693446966,-0.3350384676402783,-0.37115445830774485,705.352676211943,0.00931760413887028,3
217.9657465622271,2019.792505075953,-0.43133878410556425,-1.2894134451991541,2912.3367538034527,0.009810517751598018,3
236.36853592968322,2557.5919623987106,-0.12090012728524811,-0.9657885513517215,4800.934014615854,0.009320683853410497,3
268.33718935697175,167.61034038125132,0.0888222433904063,-0.7513616493738171,318.6763510725328,0.008690479425231276,3
242.95477116058757,176.3571989748176,0.4359663079609207,-0.29328652497715835,201.7761032431815,0.00786667191965287,3
248.11052635424662,223.47502123117943,-0.0811077829113555,-0.9257369129799091,494.53394733935943,0.00925084567399628,3
260.40323940763415,128.6535671059602,0.03737153368679183,-0.5079236876347331,205.8150133781342,0.010330050244188914,3
260.01272254110296,119.86889853979288,-0.3235626582403812,-0.17086938085151493,220.12783755296672,0.010024377265130406,3
277.54865563260364,129.85615851365426,0.09345821906339753,-0.521332383882787,244.65021194856917,0.008636582577722639,3
263.9014031457397,113.10756416995014,-0.10097951667927843,-0.5301699881660475,237.8376536691182,0.007024769676033112,3
271.86768921407815,131.41384935048848,-0.15464688365305018,-0.3083100519752535,214.59112124808703,0.00839218706386603,3
298.4342070256066,288.19650162980497,-0.42357896095759634,-0.5787580108465162,481.41179604870814,0.008298345344038074,3
282.2431843771818,169.54627776055185,0.26723827592760135,-0.5219920113778098,283.61333409009336,0.0077553739123848945,3
284.9970065730737,226.15484509461652,0.12057511975377365,-0.7189986478256918,388.84952487162263,0.007448554719630348,3
266.1585147803941,193.0609108142473,-0.2831502328612993,-0.6353639146011862,310.60924766930486,0.006515159058760572,3
241.87223059293245,103.42525348459951,0.10402850884245832,-0.3685830747639294,188.27358712544762,0.007861359148844883,3
256.51399322794896,104.25625784240862,0.08808464053558941,-0.25392923772910914,209.71260597096133,0.009022604484351033,3
300.3122224024999,188.10084744123276,-0.5734467035534936,0.7220812448587939,195.63975868131226,0.008149465589181441,3
287.13008237961,315.6039174027619,0.10446210678776892,-1.1020373777506698,423.36507018629663,0.00750066340225585,3
