mean,variance,skewness,kurtosis,frequency
0.5225274350760003,0.02765640624098877,0.5398301088974164,0.07871356000471964,0
0.6952582191625202,0.012871242565949497,0.4597474350419333,0.14321677931790505,0
0.8104787221957149,0.016647930116533368,0.7173024665000746,0.21561909747108315,0
0.6961852180037716,0.14245507778620084,0.6098652128319656,0.04767177401094706,0
0.6259059823234044,0.020160546824464123,0.37198849059139,0.15411925432596515,0
0.7259218867152887,0.06726713608143103,0.48636591326979717,0.06573552491456183,0
0.6395246858882603,0.10701098449992447,0.5775652453699367,0.023287824117071296,0
0.35490423284029715,0.01903885722169104,0.5346072404442974,0.0699113963989121,0
0.4322450185172562,0.018419346355231455,0.4590631761858408,0.10194798459477371,0
0.5151614295776248,0.023483167860142328,0.5544327566671615,0.06491347755949536,0
0.5600390793629155,0.02723881487758333,0.599817836442019,0.1023141963096566,0
0.357544361893077,0.06359658057992915,0.5585601406079714,0.12445655652942827,0
0.5877627064730875,0.10066120173632792,0.5756840104485879,0.03006143380779712,0
0.6449230909049599,0.08264283373004423,0.6793504973948061,0.08148211783218258,0
0.4695521777656601,0.060079546363875316,0.6935103783801818,0.21434384384801922,0
0.426769363597119,0.03866703720845765,0.6301266036663036,0.0654594947489564,0
0.5428896007997637,0.017734288065974713,0.44393569696164137,0.12617919654308615,0
0.5961829459477882,0.02050450869603659,0.6198094205117548,0.0826524334418243,0
0.5211778338218254,0.008842611760163854,0.5144697949403729,0.07885930267192723,0
0.5440756140231295,0.029628891293514432,0.5059136475324705,0.07021004322286356,0
0.48145775111898753,0.03585178316098125,0.6059285667841706,0.05418146109777065,0
0.493249721673142,0.009031893971312197,0.6901062666511508,0.18085148042556817,0
0.7979551496148864,0.0911289998915334,0.3855756170548819,0.08343318788372511,0
0.6434371662917774,0.031041726972613017,0.5162292960666887,0.0666010998463251,0
0.41966237248085786,0.038448048376156,0.6389991474727692,0.11293402960971975,0
0.6033535546315861,0.04505170698958524,0.5729040492313094,0.05550412471561281,0
0.22714198077840636,0.040384412748405284,0.4428811112593267,0.08745267827286768,0
0.5388816940449412,0.017829593900680573,0.36088284242322577,0.1971656695080357,0
0.7282802808261195,0.046217408028705616,0.6089842202853979,0.11223198117746241,0
0.9999999999999999,0.04550896499682582,0.33877748306491184,0.17819830643838527,0
0.6486401744938995,0.0594058912171545,0.5074526020324592,0.09579024300200872,0
0.31458432735782604,0.10879544283263394,0.7225465368338044,0.17378620689930546,0
0.5450662304319178,0.0011097435957957015,0.5861911025857914,0.11543090149343548,0
0.568863744802672,0.01617614296018246,0.4998503723828702,0.1496977296751598,0
0.5924476859109808,0.0008803463510507223,0.5297532908644307,0.11920073542561119,0
0.485688319360189,0.006334114217867491,0.5918874411219166,0.08520420852236729,0
0.5590393747301934,0.0017795862477413902,0.5678349721294764,0.10307758393765554,0
0.5460023174971032,0.053341945317036246,0.25389960546496015,0.24637899558478843,0
0.49045963692545375,0.02208283704155486,0.39120392545873106,0.1700671558566629,0
0.5793015699906846,0.005837045247854569,0.4227452205138884,0.1105114274453781,0
0.49878899416081607,0.015246337967119165,0.30098321797080124,0.22541646868193108,0
0.5969009156385613,0.0005356938202099773,0.4872414426782198,0.12506555929176244,0
0.5710085656510576,0.003687610788155303,0.5545619944857014,0.07708930522797641,0
0.6071342557880626,0.003947769447518868,0.4829526929240248,0.13041556478053984,0
0.5404176038897598,0.008008880147753179,0.5536151798842537,0.03341135941661871,0
0.4848294821984413,0.003656011267030592,0.3397772134366722,0.3341829574448285,0
0.5267852679890033,0.027950907593568268,0.2448449236623519,0.28337886907333826,0
0.5270397382591507,0.0008449481691915792,0.5782405700656906,0.15800829354643625,0
0.42147547315565853,0.008556506210417631,0.5467343947817215,0.09569254555889212,0
0.48881012428146225,0.033228807332955655,0.4506816985517704,0.0774816654397327,0
0.558607684093336,0.014273874701539187,0.48679430061061396,0.09264666864480503,0
0.531947379183423,0.013308302665209855,0.49633499576693807,0.09243999258349953,0
0.5052280008179402,0.003817471136790777,0.5733191436241317,0.11133362804189371,0
0.5060050439642833,0.02371179373546196,0.4993593592389224,0.06611131022041103,0
0.5786108649717129,0.030645370444580426,0.5136857189076556,0.058746217747126656,0
0.5696180673891804,0.012061699321842931,0.49074648574122487,0.10800065853792987,0
0.5243814327585031,0.010379407326225673,0.5113026384050365,0.09640976646061764,0
0.5758980301274623,0.011141963633431262,0.6059463708428467,0.1098007234542685,0
0.685856451502965,0.016125349089929745,0.5170141141013661,0.08864648130743916,0
0.5987640015449981,0.018274867318568946,0.6306621858684214,0.09603239645896013,0
0.4175311839683729,0.027600223073391914,0.5627209331072447,0.06662269899955636,0
0.5224501851725627,0.00886747132275435,0.6619813367047902,0.15570402776755732,0
0.5542816895008293,0.020121392179170583,0.5127697417858138,0.0862021766853072,0
0.5500738418194624,0.03458734850384345,0.534615383490726,0.04797003670569781,0
0.5937609342694204,0.011822375909581044,0.24857079110364144,0.5718500505528483,0
0.5870311044464136,0.042004325038475274,0.25834594812596623,0.3146297085324212,0
0.5581350964487765,0.021543614984823198,0.24322789649213888,0.3376843456388732,0
0.541303705723309,0.026412090589136746,0.39534641731470666,0.17317869808411523,0
0.5118124190580056,0.028618761619542306,0.15433890665127048,0.4681748557785089,0
0.5172698975302752,0.02663992521294238,0.18241223265470535,0.43906770447815757,0
0.49385408856474217,0.028045576853848397,0.32075461680992745,0.2819852697429216,0
0.505409765296617,0.02112160423631428,0.2481967440563771,0.36285721440402496,0
0.5815918024220117,0.01889158016339904,0.47045064701016426,0.062271097088257996,0
0.5040101788108059,0.04296216481930054,0.28863026794419977,0.30688027121244754,0
0.5218639947288302,0.05245349680630767,0.21951710881733777,0.3190644190821682,0
0.5232908458864426,0.054475526355319624,0.25964350097958194,0.31098765435453113,0
0.528539295208234,0.0170194591296778,0.2793660564267144,0.32522134263449665,0
0.5003885215731716,0.03975955735405992,0.23012824206230836,0.3377199444420643,0
0.5024061072864835,0.06254481190331365,0.4031598142552699,0.15923776857373978,0
0.4602322041215095,0.01659102264305667,0.6576150280369253,0.0962862900305774,0
0.6842478358666757,0.22552701961425933,0.4461867829599091,0.14451095385693558,0
0.36252016449685315,0.029514717495716263,0.40691536363936015,0.18729152354444664,0
0.4002362938222797,0.03501618485680692,0.36987255414897635,0.20937464701036396,0
0.3797559811873764,0.03176428774730724,0.40082662048433676,0.12498412457295233,0
0.4283870674573421,0.17906293520686356,0.4144554992434587,0.060487673457928645,0
0.12321814009497194,0.2111227816723739,0.728297297459832,0.10701612661294099,0
0.6966396292004635,0.13334105883170796,0.555565875414705,0.034382018566758585,0
0.6863381273714584,0.026320316049735445,0.6478460029409978,0.12571141914667627,0
0.5388816940449412,0.03382780690522651,0.5929968802187919,0.10544087703502407,0
0.8073523731624747,0.0992755569685084,0.5771412268395064,0.05456945090690429,0
0.5531411173971327,0.011238590028123049,0.5256052449112446,0.10972169009438922,0
0.6466998386840251,0.01795559371774631,0.47360871747290956,0.144125418709523,0
0.6530297866539432,0.039931268873641394,0.5892878823243589,0.09088936138833026,0
0.7314520709790289,0.02357527754482117,0.48883033541728127,0.1623929850979311,0
0.5417353963601663,0.09187675419229319,0.6867520910940998,0.14020882868909806,0
0.540631177152205,0.17806053055854507,0.5289610315545625,0.042690394960093164,0
0.5244132415422716,0.0028209182876897986,0.5078671649824188,0.12077410419798049,0
0.4484538659032558,0.06749222169365088,0.3567484378273481,0.19930192052551673,0
0.6080794310771818,0.0012837364112551735,0.5482833125226896,0.13545050649502724,0
0.5972644445959149,0.001585365770686508,0.5699124734040439,0.1128400077418495,0
0.51867857224002,0.0018180015017941226,0.5884947617752064,0.1727111719597756,0
0.507813600527117,0.0005284013342611363,0.5139235427287983,0.1031389821347639,0
0.5433485561084225,0.0016335089970297902,0.5804826400490156,0.1276748523685577,0
0.5473746393111126,0.001905606085931361,0.5616108647938015,0.09554449758238322,0
0.5209915252311818,0.06306678374550179,0.11645132556014864,0.5358549345116596,0
0.5745075318655851,0.00414901733917987,0.5465382299720036,0.06976586098006005,0
0.5407038829436758,0.003225620496227292,0.49519697765553583,0.12264593944264371,0
0.47217413037057226,0.11622753107547706,0.18567164854203683,0.3572157077574033,0
0.5473473746393112,0.003969291252339069,0.5609586578455653,0.07737010921477998,0
0.49974780178583594,0.0008514136019632972,0.5092867373210294,0.11184071631285133,0
0.5130711380728421,0.005990146576318248,0.5424344951508034,0.08906096819059905,0
0.5162656487855861,0.0010486930704406339,0.5350552454830599,0.12184871748451331,0
0.8826346761184195,0.11434241097925797,0.49546421905868365,0.05094623435843655,0
0.37029514007225134,0.09961844242658212,0.5820001341814353,0.11716549858864694,0
0.20310362847340557,0.16381644388349417,0.5689508345452987,0.04399894880575206,0
0.5156158407743167,0.06987732710079518,0.5108475032865095,0.07626837049855406,0
0.5525867357371685,0.07841034137215376,0.5475815319685869,0.08021001408765452,0
0.29680776134323944,0.17128706423979917,0.511616717881022,0.061284964188406815,0
0.45904619089814364,0.0623427576052599,0.4895380644408104,0.11330280574086099,0
0.6397200827028378,0.07995782988698354,0.4808499105125859,0.13391339071822447,0
0.6761865812373616,0.05048489508718769,0.5268605068003313,0.12157659234309218,0
0.536541476381978,0.21077523497679665,0.6587908558546096,0.08236260528248077,0
0.6804762229341331,0.09370000679006,0.48375392963853414,0.0942231794171328,0
0.6335946197714312,0.0433133614075363,0.5287142425627226,0.12288561151124736,0
0.38055574489355415,0.0642885239808708,0.6116763397203717,0.1412405982609075,0
0.7048735600845205,0.2842878084495267,0.49303829567060536,0.03626560752067397,0
0.6796810033399223,0.06699154753091999,0.5691955077914879,0.1735970881899202,0
0.5126712562197533,0.04986842687546932,0.6009023197771423,0.13105790321365415,0
0.6042987299207052,0.0012955711202468007,0.5337068475488451,0.12286052122964204,0
0.5767977642969123,0.001977105761156156,0.5450987586486852,0.11877572152260585,0
0.5424942630586418,0.002959586471114571,0.4515016769129164,0.21799994004788548,0
0.4923954286233612,0.0054309779879439584,0.5232591850464642,0.1274081106930517,0
0.5375411810147002,0.005052437966392432,0.5850558438266231,0.12261966990146134,0
0.5553313793651875,0.008518309589822247,0.3380655066993452,0.24978854175303192,0
0.5354963306295867,0.005476915275696297,0.5489248434926565,0.10990722992615487,0
0.527753163837957,0.0010016434284908385,0.5457562712023717,0.15445346715198857,0
0.5624928998250517,0.0034960661899685235,0.4949936591336468,0.13954418049674883,0
0.48527934928316624,0.0019375951847651256,0.5363496967202869,0.10730132699151618,0
0.506859337014064,0.0035980011718473853,0.6165312036376577,0.1487151966055707,0
0.5860586644854929,0.0013301901466878385,0.5456902462004563,0.11679200501738378,0
0.5395224138322768,0.000610702058421189,0.5299094636580932,0.09945657417144371,0
0.5293935882580146,0.010316055275315003,0.4311206439702513,0.15962293678116685,0
0.5089587167427806,0.016735222774335753,0.23542148931995927,0.33746140793147583,0
0.5347147433712767,0.004062881665997713,0.4217225917190732,0.18368921001830882,0
0.4828437052688978,0.05359788626241231,0.7170489480214898,0.09665034002927836,0
0.49650784995342284,0.10203492170009675,0.5074805521291883,0.03392804601154152,0
0.594565242087565,0.0501516748963557,0.5874599380995752,0.07223514781421356,0
0.653988594278963,0.05000406408314201,0.46721415305887787,0.04411119985062566,0
0.7292845295708086,0.028524780793961098,0.3147066979647326,0.19457338656406775,0
0.6293140662985935,0.06839933454985758,0.6210741234558365,0.08851699311895017,0
0.49703042282961846,0.037051786572997916,0.579078471421345,0.04232842461453712,0
0.357712494035853,0.09978526142296451,0.402117079761639,0.10124187100372109,0
0.539063458523618,0.1649716186079952,0.5805546192519522,0.03416461607535959,0
0.4790857246722559,0.05516781233994261,0.6266883303716918,0.1932963337424895,0
0.45229364051530224,0.05837223220355095,0.45235384871103235,0.07424132115478971,0
0.5410356031172608,0.08477612594977649,0.41538476485300535,0.09494644825814762,0
0.6398427737259446,0.07610212959527049,0.3848305957889838,0.12386737732253658,0
0.5660554836071161,0.014000255798642457,0.47576876242555083,0.13273119359085225,0
0.41280530752277733,0.03136635003708471,0.4608371586084729,0.04356177224120161,0
0.4576466044123327,0.04496008552836297,0.5024617437242689,0.06259573851306442,0
0.5327971281212369,0.001625358174897211,0.561046121305065,0.08502303367837025,0
0.4725740122236612,0.0017082287364022142,0.6135103085401321,0.11892314137816833,0
0.4840024538204621,0.002617092884837054,0.5249776996616478,0.0700844761614644,0
0.5142071660645718,0.000836904126388248,0.5399818902627923,0.10252988631761706,0
0.5110989934791993,0.0005115308259001224,0.4834531074400912,0.12675042017898808,0
0.5540135868947811,0.0007744649136106191,0.5641443493589893,0.10449810799072348,0
0.5205734669302252,0.0004215074396913688,0.5206096359342622,0.10159781203377387,0
0.5408856474223525,0.0008047695963326171,0.5087900531701487,0.1209603036359611,0
0.6000954263513053,0.00321045616304709,0.46291605597697755,0.10443937719595739,0
0.5643696180673892,0.0014042443227150682,0.5827179598681242,0.10017802952233551,0
0.5693635971190331,0.002583768071138598,0.5632276310283768,0.08606222607106914,0
0.5287710449185468,0.0019258229722689372,0.49298988060856347,0.09199703022925575,0
0.4713561902165269,0.00015096122322221287,0.5502866763970068,0.11262961947806312,0
0.4986390384659078,0.0003263106784019128,0.5580403959785671,0.12368843830589642,0
0.6065162565605616,0.0020427483538112187,0.4290707142389181,0.20219368875837385,0
0.5776793220184945,0.004316655602746627,0.5620257227781643,0.056595508385441154,0
0.3971690182446095,0.010374897637509768,0.5223084652420528,0.070519307530163,1
0.3548951446163633,0.0532399944155829,0.585119051369023,0.06310036866163936,1
0.45247994910594597,0.01203219179964729,0.666364817736893,0.11818169892203541,1
0.4468952354986026,0.022478623732242506,0.4433863142202435,0.07846728089285479,1
0.6173948606093654,0.025800328523415836,0.7146434845287575,0.175601028097662,1
0.7562129370867698,0.056603547179883786,0.5695626887611424,0.05679276488093091,1
0.6907413718674028,0.12408417803295904,0.5622231314619119,0.022492046266248455,1
0.5557721582259787,0.02674080852965662,0.5365844631653992,0.05529338569275907,1
0.6086701656328812,0.024941039667849347,0.47624238925076845,0.13932563870972794,1
0.5550087474155363,0.0074655367982121865,0.3944754792912361,0.19335585646445513,1
0.4627950832708518,0.03346059946565153,0.5547486853850038,0.08835525039404984,1
0.4016722332038261,0.02214405294973824,0.5809725823301026,0.06785332003358364,1
0.49543998364119685,0.028945537858600448,0.48274421472164913,0.04392667537820964,1
0.5957603435348647,0.021302621824703757,0.44250293964008935,0.14642486021480092,1
0.5536500579374276,0.008738307542399515,0.5193468050397094,0.08344705259113105,1
0.5909708495217322,0.011095903855328574,0.4466063458838623,0.12808177230557155,1
0.6994569786199532,0.017745098847400918,0.4657582951296948,0.125012923385288,1
0.6751732442687388,0.032309216519623506,0.48149721533107737,0.06493444627121392,1
0.5066094108558835,0.045964260099677974,0.6096092061568592,0.12435967672152684,1
0.33161565900983797,0.026575988864985925,0.5806459247265441,0.05997142464073871,1
0.4232476768227569,0.043048749994528866,0.49055136385454545,0.0895079730252853,1
0.48331174880149047,0.026513553753758055,0.5161952351483059,0.05353023984856892,1
0.47417353963601655,0.058713272381341115,0.4109129170165259,0.11132597097965774,1
0.4174448458410015,0.25215960819745464,0.7150582249123357,0.10981408000958148,1
0.6641901256446959,0.029531538368373446,0.6374377218079789,0.11920257244255558,1
0.6216526935223684,0.018413086417054303,0.665543354706324,0.14035667087435205,1
0.7357826096835026,0.015488035203440834,0.5769208315501855,0.0646761275622824,1
0.3940199486515347,0.11784448010012485,0.7805843617847715,0.15865927863917245,1
0.41717219912298636,0.03487407526458327,0.6220719797395482,0.05772655247889441,1
0.5075136891373003,0.013828539829922258,0.6972986966705704,0.13720922164932947,1
0.48588826028673343,0.03731797298111175,0.42792355536388593,0.09987259179370037,1
0.6364801308704247,0.012598501533736194,0.5131153002950299,0.07541068200364848,1
0.38515438620407605,0.003227292885760959,0.4842479013691483,0.18224193411154094,1
0.43453070683661643,0.05281847056969251,0.3373416200777873,0.19769818742987227,1
0.4758639492877104,0.004594467332261142,0.5492483574242997,0.08449635917118259,1
0.4803717083588939,0.0012379214052998056,0.5957766586452118,0.14003373848682227,1
0.5310112921182378,0.005933780437891587,0.5984909211720658,0.07826008870275171,1
0.5121486833435576,0.0443176293412466,0.2761382272019923,0.2672044733495824,1
0.48743325835548584,0.0015261257667187635,0.6019643598562446,0.11889783851959533,1
0.5629427669097766,0.002254903517594383,0.5938870704143474,0.12878760350601187,1
0.5500374889237271,0.06463663231069347,0.21870670670032027,0.3381567628787472,1
0.6041351418898961,0.014380628239685937,0.5106335209968015,0.08389657531554787,1
0.5932020084974894,0.010592744153445398,0.4891941913807001,0.0364991688149031,1
0.5552904823574852,0.0187674475247215,0.26188269915053114,0.38138037180063644,1
0.716379251584759,0.009927622315751373,0.2913411409315733,0.38712617699068796,1
0.6784131961011519,0.0008254253484941134,0.4919326774559748,0.1764376282924484,1
0.48660622997750663,0.05346913041246374,0.29424518199611893,0.20566988002595324,1
0.4594097198554972,0.01646214242577736,0.5367570849585908,0.06466631931898764,1
0.5111489787108354,0.02798796384429583,0.5272135413563684,0.061547543008164604,1
0.5441710403744349,0.014117210308139786,0.5226687100333711,0.07145690826667295,1
0.5534864699066185,0.006534863805992002,0.5214475089866258,0.1175172815551259,1
0.6053893167927658,0.012346960299928328,0.4735201337573566,0.10282585256093399,1
0.5384545475200508,0.023900749838645784,0.5179928901523658,0.06254904317808392,1
0.5540681162383841,0.015779355421836495,0.5383649134167456,0.09002362309229513,1
0.5637425306159544,0.007387885980155472,0.5572161287481088,0.08718260379720363,1
0.5553949969327244,0.03360365401322835,0.4574691230313839,0.07017617717515807,1
0.49395860313998136,0.008482277405695694,0.5354758683778755,0.09248683134391442,1
0.5289028241655874,0.012428628690247991,0.5112568090917474,0.0971762946716421,1
0.5415490877695226,0.019467779776717178,0.4781416225492492,0.08711845724514079,1
0.5114716106604866,0.010442906893891987,0.5101109539527022,0.09934791147450535,1
0.5389952968441143,0.010505097719597086,0.4406044511226158,0.15054157572289636,1
0.61411401176925,0.016301034455082703,0.5069080532619085,0.08665757839063117,1
0.5225365232999342,0.022525079970315703,0.4111315716792804,0.14249852398901425,1
0.5051053097948334,0.01636979943938696,0.5020151401277306,0.08996828558978961,1
0.47820871106264057,0.03533893684989404,0.22447088623235517,0.32555311787866764,1
0.5280576193397405,0.028977048049361825,0.294225182629209,0.32255382555049583,1
0.5140708427055642,0.02274263986439294,0.28351433214974836,0.3190734227884412,1
0.49546724831299843,0.030886210178931867,0.26451444820878905,0.31124534421879035,1
0.5322790993570081,0.021064414381564533,0.22631933436024798,0.41751872525712824,1
0.5334832890282416,0.01468342994716964,0.35395361536326364,0.26018924838480084,1
0.5468066253152478,0.045908708987850336,0.38000152650015906,0.19863565284715493,1
0.5052189125940063,0.04564106659909082,0.29686099029469637,0.24977336385803567,1
0.5416581464567287,0.012202448589903356,0.34715162624716983,0.2657300819045173,1
0.49284529570808616,0.028923236759326558,0.1970074033891781,0.40701045030838273,1
0.545843273578261,0.02767894592532645,0.3277645224910741,0.2689810084657306,1
0.5789562174811987,0.005902688396651971,0.5289497614461474,0.12734990355569056,1
0.4590234703383091,0.05937250488020969,0.40981194313148017,0.10783654210034616,1
0.5872855747165611,0.044321225149062574,0.20499263879717056,0.3641150369994494,1
0.5704223752073251,0.03622716311224006,0.30015931561557363,0.26177002365063085,1
0.5369231817871992,0.011505458753370066,0.2683461026785902,0.39271737084582586,1
0.737941062867789,0.111875679726683,0.5035274816748064,0.1912374506999477,1
0.3915025106218617,0.032238374552233356,0.44322644129345345,0.13103665496262665,1
0.3063140435780337,0.08144762600294173,0.4702873965902245,0.04718382450926069,1
0.42182082566514434,0.05261587257298377,0.4867257721649868,0.10591834523873145,1
0.701988048985527,0.05066568834166083,0.4678947973578855,0.11174268725005752,1
0.6375979824142867,0.04721058481573264,0.5800740858611869,0.08170717820071444,1
0.6729784381887169,0.0459864757615849,0.6936974681224932,0.13773621258878746,1
0.7052461772658078,0.15674431877010736,0.5007438355533662,0.04279530423573137,1
0.5013836820939268,0.02633124619321134,0.4122062001988893,0.2370414184921876,1
0.289219094358485,0.10351313976675314,0.4714666777124161,0.07237924293084841,1
0.15834412559925476,0.3064786508361175,0.7234318754813696,0.09984924456321792,1
0.8202621952604912,0.028738885653752128,0.5648303641845193,0.06387794323877943,1
0.5408402063026833,0.04189947017027671,0.5525574145711988,0.050648192416235124,1
0.541362779178879,0.01611294183239926,0.6134661671404137,0.12179192111324728,1
0.0,0.09696826254841467,1.0,0.504932234222111,1
0.5000976984072888,0.26098179500452806,0.4105098793497329,0.08257510992549219,1
0.5303705723309022,0.0015348549073669752,0.5706569565440509,0.1695539836489155,1
0.5659736895917116,0.0023594705821320854,0.5306733748579247,0.10433249708360565,1
0.5303569399950014,0.0014611992073262352,0.5533981590448828,0.10446307501598977,1
0.5407084270556427,0.0039876062013922105,0.49022463630344076,0.08534737737814718,1
0.5183059550587327,0.002830119106559981,0.467522225209357,0.13438547060738382,1
0.49384954445277524,0.0017584809240159323,0.5956126383953907,0.14851807737660977,1
0.5284075159611933,0.003546868888980882,0.5121559470719593,0.09198533764563029,1
0.5204189671233499,0.009525950179234664,0.44630241505200174,0.09854728172560158,1
0.5575943471247131,0.002723442385573918,0.5048971660452437,0.11736625756170835,1
0.5468475223229501,0.0016398417898534584,0.5524057217381442,0.10647852397703539,1
0.4830436461954422,0.004843554587994499,0.5224635312335539,0.08506148874547262,1
0.504169222729648,0.0010588576839857448,0.5226045758959289,0.12833460000897842,1
0.5041419580578466,0.0033441155200059558,0.5630291856309748,0.08998041795354214,1
0.5408901915343194,0.006566940983868838,0.6211815531512158,0.10501437119737027,1
0.5938336400608911,0.0015877040016365393,0.49143846486432646,0.1221032044946962,1
0.5535682639220231,0.00388416900953567,0.5193811522650902,0.08893363682308214,1
0.525794651580215,0.032604418333480024,0.5479294637781926,0.11042601286063944,1
0.48445686501715396,0.11785653114848665,0.5017373932674333,0.0872224692526084,1
0.704119237498012,0.052707339635188935,0.46853339399443367,0.18256024078258953,1
0.4244654988298911,0.02806377327506536,0.6047340604548593,0.12769451761119244,1
0.4589643968827391,0.034085336610231894,0.5419388022280477,0.10139904601544722,1
0.764883102719651,0.069360596552571,0.49617188550485636,0.11511998463522437,1
0.379556040260832,0.11586511452408857,0.5835662163460865,0.05752521085171304,1
0.5254311226228614,0.07447106727694698,0.5584761245538613,0.08514490282319376,1
0.6235157794288051,0.02458899426736742,0.5433935678511113,0.10822420128787172,1
0.3886897053143389,0.08895256221859477,0.529865580613274,0.07597576813867195,1
0.37144934451184874,0.04868632325224911,0.4976510952061566,0.16096089429853044,1
0.7942744189216822,0.046566620579144014,0.5510779757797262,0.08888552162068991,1
0.48106241337786554,0.04317619035929036,0.5262798958418247,0.10655402283331505,1
0.4337627519142071,0.03788479040363913,0.5781640561827092,0.14572152498625063,1
0.6190534614772908,0.08753536214296656,0.6574793779446482,0.0979524730629088,1
0.3144025628791493,0.027511251213312198,0.5956773759916618,0.131329214354705,1
0.4755367732260923,0.009234440733407876,0.49438868354362203,0.11175784642341112,1
0.4537250357848817,0.006355865778991834,0.5429693715259462,0.08382524225078974,1
0.4814986481266898,0.004800829508879239,0.5410445769764722,0.09720820038716378,1
0.5905209824370072,0.002536051058381004,0.5570863962347357,0.11086148721810384,1
0.5622293413309704,0.00394806225646079,0.6100717540013644,0.13101250910688986,1
0.47121077863358546,0.02123292919497666,0.35250089356566205,0.19422541221735884,1
0.5253311521595893,0.0026913674322664415,0.562493429258013,0.11527525073039574,1
0.5592665803285393,0.0037102613533719847,0.5106051326931801,0.11785337853637128,1
0.46283598027855405,0.004054025655378225,0.5089709760294953,0.13553797486242794,1
0.5223411264853566,0.0032022784375288216,0.516053740865275,0.11011539104971287,1
0.5988321632245018,0.004115304755234965,0.4918289816459478,0.11057211210948802,1
0.5189966600777043,0.02235043716349655,0.3070680515567862,0.23102171102049748,1
0.49434030854520256,0.0032610051221169008,0.5238914171820597,0.11348334399616115,1
0.5526503533047055,0.023214751599316935,0.3190113899686158,0.19507893402763485,1
0.5700861109217731,0.025049080814548392,0.3200097101959477,0.23084627992833612,1
0.5341967146070479,0.001505072928926627,0.5415455735684601,0.09958179801140904,1
0.47614568422965936,0.08450947126981251,0.5388099747064609,0.035863389248396854,1
0.4407834049030968,0.07648606440607175,0.5627121005493967,0.0722856385044914,1
0.6064117419853225,0.05938402029398046,0.4392386385188419,0.17991964845220243,1
0.2726603503510326,0.05889040177007945,0.5564787657509583,0.05403493807048777,1
0.6633358325949151,0.031130374184601857,0.49692540315912587,0.05381615020686101,1
0.5386090473269262,0.00422867249422934,0.4992424905383819,0.12486526191065586,1
0.3858996205666507,0.09358943484812576,0.5415238879650668,0.06088925755884708,1
0.6378206439006657,0.050663779591632735,0.6418093410842692,0.10024636081631294,1
0.5660918365028514,0.08955127391768697,0.502356367632668,0.06281546476169626,1
0.5557403494422103,0.0303825854725348,0.6657143054688841,0.14995675588831292,1
0.39087087905845996,0.053767945691655536,0.5648409861051491,0.07959206697755143,1
0.5618885329334514,0.01277362067646941,0.3936588174036685,0.2206439510539015,1
0.4289414491173062,0.038791991547442284,0.5932117160356228,0.08800932899213387,1
0.4970531433894531,0.04005690775432858,0.4135491929948686,0.09047317142779379,1
0.6497671142616954,0.013604757676311393,0.5023067085109311,0.07664315174893752,1
0.5356644627723627,0.05663039919192452,0.4259251820656114,0.06677377267971676,1
0.5673187467339196,0.02457329054563537,0.33666641418575877,0.2768352654468062,1
0.6088019448799218,0.002944993296117377,0.5537645451848349,0.10609672235692093,1
0.5267398268693341,0.0006600605948125892,0.6055707757132596,0.10607023894937484,1
0.49024606366300866,0.0009312574978193493,0.6166250153651495,0.1458734428763223,1
0.5392088701065594,0.008511489060166544,0.23803993217921965,0.35595971480766786,1
0.5174743825687865,0.003036613297465995,0.6037696719028925,0.11527751916750074,1
0.5266716651898303,0.0008126100910395703,0.5538159124514045,0.12726963626273607,1
0.5764615000113603,0.0016618111502216383,0.5815334448232788,0.09899955673356309,1
0.5306341308249836,0.003962356713503702,0.5501523590448583,0.08074824631293932,1
0.5089178197350783,0.00013442182810677631,0.5280497005402438,0.10274212476727587,1
0.5435166882511985,5.983173941732575e-05,0.487467240277508,0.12873920932609834,1
0.5343284938540885,0.0004978408260628154,0.582161133824926,0.1449061500129151,1
0.5556767318746734,0.0012193440265800546,0.5547699461775469,0.1139673560856124,1
0.6252516302001682,0.0010762354636784782,0.49987800119682085,0.10997873137600614,1
0.4474450730465998,0.019560620580019523,0.5444147848538615,0.042807415232292576,1
0.4620453047963102,0.01247906711602776,0.5179617345676416,0.04849503019302112,1
0.7367232408606548,0.08233982207882723,0.3285491068139681,0.14371237372953954,2
0.4028082611955558,0.029776760643398348,0.5483032020542101,0.05642602968335124,2
0.44960352623088623,0.0017113984001502945,0.5510347026797411,0.12362302589291431,2
0.44691795605843726,0.005494814230279246,0.4815593142814162,0.11240513112916702,2
0.5317428941449117,0.009173116238432649,0.5666062571787172,0.0772661000482991,2
0.6555472246836161,0.007779019844992495,0.5543700907544834,0.10504922348914085,2
0.6977438484084247,0.005842524153633217,0.453766462018709,0.10715727744142377,2
0.699075273214732,0.01304892893124117,0.6251522897052484,0.11502979173374349,2
0.41465021698134635,0.030834111807303284,0.49214576025220025,0.05346360040666129,2
0.540017722036671,0.06382984781066364,0.5619514159048046,0.07136344366952227,2
0.6904778133733215,0.037980859543706405,0.5222727022707276,0.08762148370169354,2
0.3200645263899302,0.033809645799048126,0.5485345376467299,0.042724009740137237,2
0.3523140890191534,0.02523732331759242,0.5939669526619051,0.09419932968086207,2
0.546288596551019,0.021370089746035943,0.5385588189643005,0.08272878620233862,2
0.5782109831186241,0.00573184758742129,0.5529930208337052,0.10304667496411637,2
0.5224047440528935,0.016311218811680878,0.6182267622731469,0.10062594546468748,2
0.41638152364074243,0.02817392512097966,0.5140547821105866,0.1052045229496678,2
0.46071387999000285,0.1525076170403645,0.5716093136800856,0.05098615409326304,2
0.4877195374094017,0.06367230818825693,0.4925591497281851,0.08498592680223652,2
0.6351078090564152,0.12178176021648993,0.5300900307771288,0.08569334411909571,2
0.5612160043623475,0.21342992537789351,0.5182049552996341,0.027562791594902714,2
0.868834208074887,0.05318139202880778,0.4265536758142023,0.072445583684506,2
0.7272533115215959,0.07696472972232833,0.5586168036508434,0.06363805715256707,2
0.3116806398109649,0.24624745884635305,0.5026117896810919,0.030975483748105936,2
0.29897984686342666,0.17321938552675567,0.6219872380023823,0.08312838954196766,2
0.6363983368550201,0.011329929455661221,0.4671339326290107,0.10272541706762203,2
0.5678185990502806,0.006072557972803928,0.492291524022224,0.10953059202512677,2
0.5041056051621112,0.003381756345850473,0.6176067670649086,0.1610402675046332,2
0.5500874741553632,0.017804397593903308,0.5157771043319314,0.06068831585423755,2
0.42497898348215296,0.006667230132010759,0.5367157483857519,0.08831912673954001,2
0.32720787040192667,0.16133901391217448,0.49728480945914927,0.07279633672121745,2
0.6791629745756935,0.4477880231944021,0.5162801626782718,0.015705875201312863,2
0.5867130166087292,0.0434478550475227,0.2198151460381091,0.34733647598294154,2
0.7043146343125894,0.015657978468452818,0.46038047243696617,0.10952100078118363,2
0.6096244291459342,0.011585383428900977,0.6063496643128617,0.09627855807089898,2
0.49939790516438315,0.01115537438029618,0.5413889086267417,0.0672580657253022,2
0.5913025696953172,0.003357804755147546,0.47015733784122,0.23846329727036622,2
0.41288710153818187,0.010881435904107424,0.578318036139242,0.08698469441340752,2
0.5649421761752209,0.04281258136920747,0.26677363359152506,0.27759852976164495,2
0.5946379478790358,0.018381994792921443,0.3841256650124519,0.17745811787814253,2
0.37210824074705195,0.001950449511219042,0.5492473901621201,0.10792707057411141,2
0.48496126144548196,0.02665105278694891,0.2979283164074691,0.27832185614261823,2
0.5451343921114217,0.0004057077834057016,0.6094471606586167,0.17323598330199338,2
0.568241201463204,0.0026499091758835263,0.5318834784912847,0.10133818455440821,2
0.5631336196123873,0.041713376601233795,0.15315645866178684,0.4890514406459705,2
0.6066389475836684,0.0026761813400171947,0.5022900048634745,0.14427745287341323,2
0.5614023129529911,0.0007281902560113799,0.569827644493119,0.14942435171783783,2
0.5444891282121191,0.0006348776354514823,0.5788802328563789,0.12454112100039763,2
0.5346511258037399,0.02084301133536568,0.5148926706712391,0.07581772217856139,2
0.5004566832526753,0.008890613517799443,0.5298086122169835,0.097955800726511,2
0.5147433712766682,0.012701214072123932,0.48276680626717783,0.11454827182386879,2
0.46309499466066834,0.005649759935295186,0.531634351321492,0.12544369683122358,2
0.5616476949992047,0.014465434663158104,0.5483198890336036,0.08960381474031937,2
0.5502056210665031,0.015386278187110719,0.4188393948666457,0.14274221293663,2
0.5084315997546179,0.013343574811311236,0.546334956614924,0.09250192707935823,2
0.5055551768795583,0.019354851251135688,0.4236324268519268,0.10821399784522673,2
0.6204894008588372,0.022196527204070757,0.5053540312031791,0.08625944286084267,2
0.5959148433417399,0.011365156832304244,0.5250884024376588,0.08952917331746071,2
0.5829368595642197,0.01249572858438679,0.5143132918014731,0.10392486510723514,2
0.43034557971508414,0.02103640705333059,0.5032850660011178,0.06720246076584654,2
0.5108172585372504,0.011760870807380955,0.5428268335004409,0.0923971213093491,2
0.4625860541203735,0.021933776712850198,0.5435777032428375,0.0734485654956746,2
0.5318564969440847,0.015232035724083496,0.5147085006544089,0.09402799297714841,2
0.5078408651989185,0.01541557541798411,0.5226016441389892,0.09471383650939386,2
0.5101401858541794,0.012818666537568791,0.2564240458931911,0.40425868289554817,2
0.5342239792788495,0.02137951517689362,0.2460911857582535,0.3518963309396459,2
0.5443209960693431,0.030535257598147708,0.20847471748427343,0.38173491199162113,2
0.5347374639311112,0.02688268801798717,0.3016480119196845,0.28560642343721865,2
0.5608070342853247,0.01363393672693757,0.28164787866308577,0.4143015446869253,2
0.5751300752050531,0.007435434481784096,0.23674824579235415,0.5986505747583653,2
0.532515393179288,0.016632670126870714,0.3591929445716267,0.295804588690209,2
0.5337104946265876,0.028233348929990715,0.2825387051748138,0.2846188500005341,2
0.49793470111103527,0.03538115716031811,0.16908175936802444,0.46968682231551806,2
0.5356371981005612,0.009556038105479711,0.5661549890815767,0.08693320071235638,2
0.5201508645173017,0.012254850059107147,0.29581277654858584,0.31996771948541897,2
0.5303114988753322,0.012885109488568663,0.3318352847190473,0.292197958568548,2
0.48608820121327784,0.02707594998371935,0.4631434688400481,0.15356210991243102,2
0.406043668916002,0.01680653690657242,0.3771200672190992,0.2397819026471692,2
0.5547679094812896,0.005780331868054474,0.5647482430907945,0.11484422789274651,2
0.5456433326517165,0.026584604622114604,0.4144303724072801,0.16220663892417353,2
0.12372253652329991,0.06961658560425947,0.5804200225049122,0.0560833380232163,2
0.4777997409856178,0.060514252868753504,0.45166086184016274,0.07159959255029431,2
0.7814872878467726,0.04157765951761755,0.5847903147237355,0.0552525394551034,2
0.7267489150932679,0.020226280624462918,0.5072167745385666,0.10639243573563417,2
0.8103151341649057,0.1726763958837428,0.6086452622389182,0.026915662425745446,2
0.3496694158544066,1.0,0.6616380450121431,0.026046330706684342,2
0.49077772476313813,0.7835765806391571,0.5838257019858415,0.02122785601561851,2
0.8215754436189308,0.24805086049944192,0.31221449899936704,0.17430225925455028,2
0.04729057323972462,0.1977812150910518,0.9117034771305561,0.35260796926276716,2
0.5413264262831436,0.6721550144909252,0.5559109304635996,0.024722190728424076,2
0.8464680889737123,0.3216456857558061,0.4455752734623054,0.044307853903356384,2
0.40418967123349914,0.3901207208020524,0.577665176254036,0.030873479509953755,2
0.5340467589121396,0.21457587147640736,0.5303175316485305,0.029571349656067225,2
0.12762138459091632,0.1714032712939918,0.6443422839758479,0.031261177593990774,2
0.7276304728148502,0.6719150973967155,0.4526597523218448,0.03274352998500252,2
0.2799082089382682,0.39515039481970865,0.764005608331659,0.1997142618874441,2
0.4518892145502465,0.09875049109793041,0.3243166079290164,0.18418780402918492,2
0.6356167495967101,0.008501460701494693,0.6062928919232385,0.07642169270032789,2
0.5012110058391839,0.003516799454468633,0.5894064159720329,0.11457036667105916,2
0.4791447981278258,0.1376811247596253,0.31085604099267633,0.19383366780532968,2
0.6158407743166792,0.004692962365214766,0.26721130473780613,0.7849012269787426,2
0.4919319292027355,0.17869181474978552,0.34178459019381646,0.1437097479815794,2
0.5904391884216027,0.0032620050660439196,0.5800520659246076,0.09553361563074683,2
0.5245677413491469,0.13786288431141389,0.27758530024305067,0.2258183901502961,2
0.5924794946947493,0.014661151649731679,0.5906046638593555,0.05983404199048427,2
0.42630132006452637,0.08293097629014567,0.2577306992076953,0.26483347543946417,2
0.5728489309976598,0.024794630122089694,0.21343140061046262,0.4896284518974188,2
0.4439915479517415,0.08453997567715231,0.24308737675971032,0.2959908483401636,2
0.5353554631586123,0.0027797036911695215,0.589085301945923,0.18193991349215988,2
0.4681616795037829,0.06923679926772437,0.21492120041831414,0.32645087048970733,2
0.6129234544339173,0.05411288102087608,0.1823698276756081,0.3993686293469281,2
0.5519278395019653,0.007010404366994439,0.3199705078395977,0.3275004545014935,2
0.4194806080021811,0.03645036062121616,0.5134078883641437,0.11462724288456858,2
0.4981391861495467,0.05350065617521064,0.6324928871550275,0.11362984340575699,2
0.3670597323518051,0.02752038307053224,0.5760255525840969,0.12673938467059775,2
0.4138186444914002,0.04587993223668923,0.5930402352174634,0.115446239593565,2
0.261100129507191,0.18842632810846593,0.5202704091660441,0.03305993527844067,2
0.6821348238020585,0.10409622602114764,0.5164167423211782,0.09933666774596915,2
0.3817781110126553,0.04396757944899778,0.5408876191868297,0.10897246846278022,2
0.4066707563674368,0.029091009887410726,0.558844849454386,0.1421389555709387,2
0.5956285642878241,0.06978064954100813,0.5951373901726844,0.10132770371251523,2
0.5779928657442119,0.11391645287145652,0.6437578074273755,0.08605883372662483,2
0.6777452116420148,0.03819269026795207,0.5044330059314566,0.1197439557623242,2
0.4100606638947583,0.22529482400029593,0.5768856530052483,0.028637074810554997,2
0.48566105468838744,0.11060881834244535,0.48158896347932856,0.0752793967594325,2
0.5673005702860519,0.02599133894688521,0.5766305322432125,0.12606229158890925,2
0.5429441301433667,0.028835851295271213,0.5523585825235614,0.11376692001618562,2
0.6412514484356895,0.07039602548917105,0.4563280715277004,0.1091288666948595,2
0.4833162929134573,0.05083174771712481,0.4393339377939523,0.13672430097368365,2
0.45400677072683066,0.0021436695577223587,0.5302866388682258,0.1261241331758741,2
0.4842296594188081,0.00228177520317039,0.5679968847168273,0.15304145518572013,2
0.5015109172290005,0.0030723079727100616,0.5567579169613676,0.11109058125384166,2
0.5199327471428896,0.015667873352963112,0.2636855293531394,0.33442922408148723,2
0.537441210551428,0.0016022910590679955,0.5824676823987417,0.1193669722708127,2
0.5300706609410856,0.0025147154222090627,0.5701887828063084,0.12800258550144153,2
0.5355145070774544,0.002000530128920922,0.5239555034439426,0.11916303481354369,2
0.5174016767773157,0.0019099556751711875,0.5126381318724696,0.1367326501468834,2
0.5221275532229114,0.0029810880462571585,0.5855012494768503,0.12344893743563219,2
0.5580623906573058,0.001662743175265404,0.5287619703259546,0.13142256439646655,2
0.5249449026424011,0.0012523868761122163,0.5564899580336594,0.13617939199724974,2
0.5297071319837321,0.0016845839972352901,0.5357446316110953,0.11977891734668625,2
0.558271419807784,0.002469760768453415,0.4420728402882027,0.1724675532405793,2
0.48621089223638464,0.00287244452788628,0.4821498644872969,0.14142581329482495,2
0.5216367891304842,0.011532327658234372,0.2984263256772769,0.2655761243572905,2
0.46268602458364566,0.052085434923545344,0.5222895722318666,0.06731479469745792,2
0.663899302478813,0.02138966790289622,0.47038275738810453,0.0764601212591608,2
0.5521777656601459,0.02775746905264319,0.517876006316474,0.03903339644149004,2
0.5531729261809011,0.018670706564707706,0.42320544790763936,0.10232394642247793,2
0.23411719264762682,0.05286777814954202,0.5845256802092222,0.061284727085681764,2
0.35073273805466565,0.2312614037668926,0.5697564505035446,0.03912030735968673,2
0.770590507350101,0.03204838298153056,0.5737807382176007,0.05961790783803628,2
0.6006634403471701,0.060381761688779456,0.564747917031198,0.042009434741244744,2
0.6108831481607707,0.04176061588772147,0.5166392698073915,0.0650231288619219,2
0.42846886147274665,0.06290847233656298,0.6764140080195865,0.10126935165543466,2
0.6371844682252971,0.0765289070397741,0.5126429102343685,0.027132520563724227,2
0.5683366278145093,0.04296056646621586,0.5749072647105097,0.061667340363032244,2
0.4760638902142548,0.03228149984527992,0.46622875641417627,0.06272006663184466,2
0.5266125917342603,0.022986824169258336,0.5700917741668139,0.13040564227361945,2
0.5947151977824734,0.05236399348270446,0.6358512419582482,0.05204292576363473,2
0.5217413037057234,0.010556344359232217,0.49552619294892997,0.11746279008456817,2
0.49203189966600774,0.0036429670179676217,0.5304789096490217,0.09224616756044207,2
0.44578647217867445,0.0033788010054566046,0.6273545215709685,0.1015726242343041,2
0.565501101947152,0.0049132851049184965,0.5072848771224614,0.08220679022062842,2
0.5033376502397019,0.007590821277193315,0.4786088982896288,0.1309187672245228,2
0.5390180174039488,0.013076930767569508,0.5161755373578526,0.048418170647000686,2
0.5237452570831346,0.050499924486332684,0.3644745757011138,0.15495831369378818,2
0.6312180492127326,0.004531340727551481,0.5369074484709189,0.06964996604424722,2
0.47767250585054416,0.011291000882228824,0.600223160567407,0.058667671281710354,2
0.5874309862995024,0.017388461796725756,0.3342666046925329,0.1838693632447364,2
0.5648649262717833,0.0006187506198810312,0.4855179467914969,0.15583061887350153,2
0.5686456274282599,0.0,0.5337672114768763,0.11994932221714437,2
0.4142412469043237,0.01049647195190629,0.7127240239591746,0.15799784891482158,2
0.4147456433326517,0.009784015310277722,0.5686863896555194,0.06758059219213863,2
0.6727057914707019,0.01117591946013205,0.4564390054297126,0.08933806820613083,2
0.6379524231477064,0.006833008377521948,0.49081100611117645,0.05512651506144538,2
0.5030695476336537,0.0013646608916775187,0.627015341127066,0.16735582481741254,2
0.4438552245927339,0.06599874148228024,0.4449407834183525,0.05707186490772183,3
0.5336287006111831,0.04956251522002128,0.670044108848011,0.11135618587678137,3
0.6395564946720287,0.02960301565886906,0.5408976936115856,0.07089554488766643,3
0.5043100902006226,0.012945393927850612,0.5212426442228432,0.11875440312945906,3
0.46857973780473944,0.024739911277273617,0.3687889250427001,0.19001782863262667,3
0.5093449662599686,0.022249047965806443,0.5908291226718273,0.06027377058101069,3
0.5437802467452798,0.004620412762770159,0.5747867486339827,0.10996397047525863,3
0.5528184854474815,0.028964290630710623,0.5650144908780035,0.04026179526530593,3
0.4909867539136164,0.02619300700408395,0.4285927123434608,0.060203616798329404,3
0.6170404198759457,0.028002500640363324,0.39662196096403257,0.13193099675040304,3
0.5379592393156567,0.011601232581854888,0.6344804396202529,0.17511613427500694,3
0.46273146570331486,0.020216533743332814,0.5835760467141516,0.08372816441372699,3
0.5391043555313203,0.03512925971734158,0.447084869431465,0.12752939217515213,3
0.498061936246109,0.10555559190525061,0.518845533592362,0.02522550588950863,3
0.3748074432554018,0.003974403312726805,0.5456802974627852,0.14653368317031748,3
0.4880421693590529,0.029162542375033573,0.596536010524837,0.1044106369398328,3
0.5268988707881762,0.04109504642496168,0.5245759127248611,0.04645319388977516,3
0.47213323336287,0.03825365236667511,0.6405811358524102,0.10176924002322649,3
0.4964306000499851,0.038571677984087165,0.6045792953684435,0.043222463160581925,3
0.5377547542771454,0.03295785123958204,0.5327300197298572,0.02103450153752147,3
0.6221116488310272,0.03275443884193441,0.4443191296634641,0.09611162400440718,3
0.43049099129802554,0.035693449436831046,0.7237885087292544,0.16294332835790667,3
0.6056483311748802,0.0031876331937050603,0.5113712607814136,0.1262190942095738,3
0.600168132142776,0.00950101998656701,0.497096519442236,0.099516625663396,3
0.6054438461363688,0.020307690756183525,0.486967248164213,0.10833747930481638,3
0.5438211437529821,0.02868289206117536,0.593526541526196,0.06036174073281983,3
0.3801649512643991,0.01842344269115328,0.39928618271089733,0.14849040570324007,3
0.3901029241360507,0.003709604479750851,0.5233670326944854,0.08787220987272357,3
0.4120737054961034,0.11065964113209974,0.5926058843403363,0.03280942452853751,3
0.5842092109149569,0.008415415679513929,0.5563305621585397,0.1299098213668185,3
0.6133051598391385,0.10397962306312687,0.6202549427042074,0.03441523273286354,3
0.5469156840024538,0.15058824719621802,0.5514002320668554,0.0,3
0.5157839729170927,0.009388121979296416,0.5233117498211077,0.06765786456409563,3
0.5143207688637448,0.005110610455138869,0.5704737002828866,0.12836393414440864,3
0.6283961556812759,0.09259680801635504,0.31226378900228297,0.17497290812083532,3
0.6070433735487243,0.011769909232687907,0.5010668422413479,0.04729529278294843,3
0.43461250085202097,0.020012568540199397,0.4438578215441642,0.12961772440306643,3
0.5573671415263672,0.009229050601850223,0.5502592942170386,0.09595387818569887,3
0.44835389543998355,0.014254048296641963,0.3151523814286582,0.24542211017164356,3
0.5786108649717129,0.05567391132360959,0.3593085910794818,0.15925713384501383,3
0.4985799650103378,0.014447467303067354,0.382736459500677,0.15415845168293435,3
0.556985436121146,0.012876719247158787,0.4525751482353839,0.13235613492837983,3
0.5131165791925113,0.06732347170154679,0.43594862482742364,0.08781340512031774,3
0.571326653488742,0.0175486908539701,0.2932111057179969,0.4048570402667555,3
0.611814691113989,0.0025525454059669144,0.5943189039404773,0.10182591760769961,3
0.46815713539181597,0.051744828884369216,0.4327512557163118,0.12056545462699081,3
0.5794560697975598,0.0027181539585466622,0.6748372860071044,0.16583462359875975,3
0.5502510621861723,0.01784553099364197,0.2822258924456695,0.27094410012282644,3
0.5728625633335606,0.01884512788784002,0.495959126791633,0.0803355229440326,3
0.5073364687705905,0.01054258456353126,0.48612456537393484,0.10764021536646018,3
0.49840274464362794,0.012576569226351406,0.5079131202345732,0.09864180382263249,3
0.52030082021221,0.012132651057827407,0.5317458510984756,0.09915015787411662,3
0.5439801876718242,0.016899264812979778,0.5270067960018703,0.10053147546968261,3
0.5048281189648512,0.015083873843328828,0.5442377696629146,0.09634449730931556,3
0.5199827323745257,0.01941599847574009,0.548298850532593,0.09544034896188172,3
0.6181946243155432,0.013483065946363372,0.5053209417696586,0.09893248904909455,3
0.5841683139072547,0.0093810668270911,0.5177536152122209,0.1128463644493323,3
0.48917365323881573,0.011048972115554823,0.51007388594951,0.10370620136730704,3
0.4999068457046781,0.018117815989136612,0.5987818114658571,0.11235713114687887,3
0.5362415649921614,0.008847643388465694,0.5093399023542267,0.10814856875564302,3
0.5002249335423625,0.014174705624069688,0.5236281960350051,0.09903448868934402,3
0.4788221661781746,0.019755815348935998,0.5644739785460215,0.08888829069694457,3
0.5112489491741077,0.013485524025987638,0.5313323076728323,0.07605399967279719,3
0.47291936473314694,0.00846689311822009,0.6451112182019216,0.16662864148497503,3
0.6575693545088951,0.026558396066761053,0.4596306703304409,0.16190306612989996,3
0.46478994842432914,0.07270994710993958,0.47508618301675354,0.020430537521170203,3
0.34239883670733645,0.006662002880640884,0.3863185798062838,0.30850769303082776,3
0.47303296753232,0.0042782772626417005,0.6345456038409292,0.26334341037848014,3
0.5617794742462454,0.03701285653969188,0.26094736295183885,0.2780958881620281,3
0.559225683320837,0.030776661191313948,0.2958294992818167,0.2708538113195541,3
0.5426987480971531,0.022372549382928274,0.3008432970277641,0.31824047386870674,3
0.6237611614750187,0.011320489704138289,0.550499677768549,0.08859291065153022,3
0.5479517415309113,0.044724383854053654,0.4519150323525355,0.05253183594181357,3
0.39332924363256305,0.023142298974192836,0.27572945622848183,0.33199746775413175,3
0.42484266012314537,0.029246918066263537,0.3521745625626125,0.17355119798578877,3
0.6174539340649353,0.02515174135362736,0.45553838831841453,0.15472324134791357,3
0.589639424715425,0.008104456545707362,0.28386504886135816,0.38514216748013347,3
0.5286892509031422,0.0332796665499333,0.20620964895140637,0.38643053088807866,3
0.486583509417672,0.04703846063853501,0.3503945129921858,0.16593840860644896,3
0.491677458932588,0.02279398292520624,0.29391723245481394,0.30979590280517305,3
0.5971826505805103,0.05486124839904774,0.5958081847166874,0.04357107833698094,3
0.8008679253856815,0.006732507895290891,0.6569518092843863,0.20945973874254592,3
0.9267216504214664,0.1246125450254307,0.5039860171590862,0.012026499601584723,3
0.9188148955990275,0.07420885200321072,0.49054767459874443,0.06749978044114077,3
0.7286665303433076,0.12785338101993346,0.4429786216580175,0.06827159241431618,3
0.4221707222865971,0.022198670368095093,0.4503695110452867,0.10959050272955226,3
0.4569331788335264,0.04880171722634087,0.5180486952853517,0.09133057410144846,3
0.6696430600049985,0.29677082181256237,0.5004475884290267,0.0276103871576929,3
0.967964010633222,0.043427966285165626,0.47272849784438986,0.06862631048871187,3
0.47762252061890803,0.17026535199786874,0.4944860655353093,0.02612175593082397,3
0.21762661031967823,0.13229528098989496,0.48191866974766,0.02854229682508748,3
0.4745597891532047,0.07711036887191172,0.5798276101570093,0.09336920218775702,3
0.39145252539022557,0.04958066548142404,0.5428455206740946,0.07610336670667485,3
0.4059845954604321,0.20272261541581818,0.4848416303564953,0.08201244720288456,3
0.5452888919182969,0.17922760367033558,0.5031817685446753,0.056693139643669885,3
0.49444482312044163,0.30351843251778715,0.33356249940510385,0.10572678020753587,3
0.5732624451866494,0.006603095797381321,0.4328013880425718,0.12079189154932482,3
0.6187535500874741,0.009954091910415684,0.46363634272560245,0.12030368498154201,3
0.48364801308704236,0.007922197508579797,0.5142701536569964,0.09189446704883003,3
0.5498602685570172,0.003822659666750241,0.5240595755782494,0.11873685899711842,3
0.5111626110467362,0.0029808470280706344,0.5128563397146952,0.11136141291810318,3
0.4705473382864153,0.1024952302175891,0.17433815827316873,0.4063938792709732,3
0.6122645581987141,0.0062792395836784665,0.5820454993008974,0.0740217312475206,3
0.5483198146002317,0.10191688104460973,0.0724402420264097,0.5973613476502729,3
0.5916751868766046,0.016336929272051316,0.0,0.9999999999999999,3
0.5283984277372594,0.09194009233964537,0.040571372647207116,0.6431314077080615,3
0.592438597687047,0.015499841618690922,0.32223867727982863,0.5132801208126745,3
0.5226410378751732,0.0027324863723042674,0.5310333467312028,0.10989385415484376,3
0.5500284006997932,0.005514824162148612,0.519270894356694,0.10124202696447548,3
0.5883443528048531,0.0034104861029838583,0.5150786431097535,0.10050689355745471,3
0.6296457864721786,0.006255631410870385,0.5453155171201991,0.08404018296378168,3
0.6831027196510122,0.1219370587938205,0.6354451405808038,0.12993145969417277,3
0.5096675982096199,0.03338823276451894,0.5508183048300126,0.10626255586558613,3
0.33807738622679656,0.02233685978248306,0.5477048155787931,0.14656427249578907,3
0.2626860245836457,0.048842407311116894,0.5637899420632158,0.10304971378722463,3
0.5672960261740849,0.09906155951370675,0.49202366216372134,0.08495823465678799,3
0.5652648081248722,0.03701965044403306,0.5456037948821588,0.09810226402682636,3
0.4689387226501261,0.1788713753147624,0.642311054565892,0.1582309452071442,3
0.6798854883784337,0.10660481623066138,0.6379467995049855,0.09711680375762079,3
0.7521277804285097,0.20243122435879196,0.5466131792087516,0.032128108187557514,3
0.6024856292459047,0.0708993389644112,0.4944341286871104,0.09829928070425824,3
0.35452252743507595,0.02320014834423983,0.5596449641666327,0.14561056416138354,3
0.46070024765410217,0.10895763138789491,0.4935193159010725,0.062183232209246556,3
0.633717310794538,0.0614092193677049,0.4023589566641811,0.17311028296479394,3
0.6252289096403335,0.07641752903903606,0.45924590477866184,0.09807628659745649,3
0.7119078454093108,0.04762103809220634,0.4242103743870714,0.15980903925348788,3
0.5555176879558312,0.0439354093953502,0.5781099105087242,0.22236405857952274,3
0.4690477813373321,0.029208762252612337,0.5060539853103367,0.10139202968682967,3
0.6071933292436326,0.0035633779743387984,0.612814453471342,0.12374543327750895,3
0.5811419353372868,0.0029388894253843416,0.48586580419150427,0.15332158818186153,3
0.5339286120009997,0.0010810561749979351,0.5332742749241197,0.13316175043246783,3
0.545507009292709,0.0009278979114622158,0.5328541368625169,0.14729773772764054,3
0.5271260763865222,0.001026152621407239,0.5952743635976517,0.13420923882809915,3
0.5576806852520846,0.0014846580559160704,0.5697957497332573,0.10037334545035581,3
0.5198146002317497,0.004419996581978377,0.5617458806235235,0.09993468556331186,3
0.5331606570785904,0.0012148739630058615,0.5004738898334905,0.15127070972914364,3
0.5115852134596597,0.0024791962793910063,0.5497008679739271,0.10398584301989947,3
0.5212823483970646,0.001309810797269239,0.5906090056816373,0.13362284134687077,3
0.5335650830436462,0.01188721327764582,0.48983242976425795,0.12269641796724756,3
0.5701997137209461,0.0021759622407558797,0.5735404001574133,0.12939326863333442,3
0.5088451139436075,0.0017675582792866715,0.569690002771738,0.11362870169966673,3
0.5448753777293073,0.0011838145256109192,0.5558675256205331,0.14334761285828493,3
0.5246949764842206,0.0021095368777575042,0.5072094933615379,0.17120505349215615,3
0.519632835753073,0.001422952186331303,0.4836499844967531,0.13329197531651332,3
0.6789357689773476,0.01860987849628857,0.5024189262714215,0.09746993847811813,3
0.6285506554881513,0.01084836267529995,0.5529705960338862,0.08797252754006141,3
0.48929634426192253,0.04569317046262501,0.6274042035289629,0.06957729716612696,3
0.5776566014586599,0.034349113809729576,0.5111191705603376,0.036963483117147894,3
0.5860359439256583,0.02280325347042228,0.3856082674845912,0.1178376797754648,3
0.4145820553018426,0.06995580128758601,0.5152117033094655,0.08460112552811963,3
0.27941290073387404,0.017064201893201972,0.49144950316711716,0.10076397390423085,3
0.5597073591893305,0.018614837061390513,0.562416846929132,0.09611495462655295,3
0.5256219753254721,0.07103451610333326,0.568197207645281,0.048622584016556974,3
0.6270283779792334,0.01270129443469204,0.5389436520171628,0.1020712101968525,3
0.46248608365710125,0.07279371306061172,0.5334920874784544,0.032631435978760934,3
0.7373866812078249,0.022291704083271566,0.33424326740507215,0.18304585888485847,3
0.3078363210869515,0.042970093671121735,0.7357878613588624,0.1643129864834402,3
0.7658691750164723,0.09929968610765331,0.3928320276258922,0.1867542776704581,3
0.46797082680117236,0.08367241969618641,0.4919405068392134,0.06290288644705863,3
0.5019971372094608,0.15934065704848202,0.6100734740863635,0.024720223469711464,3
0.5074364392338627,0.0018843946085367873,0.7050051807671435,0.21237395020013072,3
0.5462613318792175,0.0027380686510403325,0.5759150943090418,0.08942468471043474,3
0.5155113261990776,0.0026775166377751318,0.6141030066063999,0.10070976079024657,3
0.5252629904800854,0.004034322644562654,0.5933032335263115,0.10980122667845786,3
0.5573080680707972,0.002134268458092045,0.6443357227588609,0.13456708012955254,3
0.5165382955036012,0.0009900617642638351,0.488609899514823,0.1327582770585593,3
0.4872151409810737,0.0041251346406092895,0.5582388937479229,0.06685066761781182,3
0.5206825256174312,0.0013353927887591753,0.5237529929322919,0.09217890586758631,3
0.5668507032013269,0.003458826551304404,0.5777004754268102,0.07272243317027731,3
0.5136255197328062,0.0008734938432104812,0.5216856780997581,0.11821540533136256,3
0.5482289323608933,0.0004896304271820816,0.5032634598998865,0.13727274004614043,3
0.5354690659577852,0.005455226280585186,0.6036892166621388,0.07691725419962404,3
0.5415218230977211,0.0002720191594562016,0.5005852068855379,0.1263707578943463,3
0.5785199827323745,0.002821459622739833,0.5785547577626672,0.12372533128845536,3
0.49386317678867603,0.003347660927422386,0.5582570308154933,0.07394218884462549,3
0.5104173766841615,0.0015275336410520482,0.45851794472614377,0.16152112112966618,3
